<?xml version="1.0" encoding="ISO-8859-15" standalone="no"?><uc-export clientvers="12.0.0+low.build.10746">
<FolderStruct>
<includeExternalObjects>0</includeExternalObjects>
<FOLD name="PCK.AUTOMIC_APACHE_KAFKA" title="">
<VARA id="1341922" link="0" name="PCK.AUTOMIC_APACHE_KAFKA.PUB.VAR.METADATA"/>
<FOLD name="ACTIONS" title="">
<FOLD name="APACHE_KAFKA" title="">
<JOBP id="1336997" link="1" name="PCK.AUTOMIC_APACHE_KAFKA.PUB.ACTION.SEND_MESSAGE"/>
</FOLD>
</FOLD>
<FOLD name="CONFIG" title="">
<VARA id="1341925" link="0" name="PCK.AUTOMIC_APACHE_KAFKA.PUB.PROMPT_EXTERNAL_MAP"/>
</FOLD>
<FOLD name="DOCUMENTATION" title="">
<DOCU id="1336995" link="0" name="PCK.AUTOMIC_APACHE_KAFKA.PUB.DOC"/>
<DOCU id="1341926" link="0" name="PCK.AUTOMIC_APACHE_KAFKA.PUB.LICENSES"/>
</FOLD>
<FOLD name="RESOURCES" title="">
<FOLD name="LIBS" title="">
<STORE id="1341944" link="0" name="PCK.AUTOMIC_APACHE_KAFKA.PRV.STORE"/>
</FOLD>
</FOLD>
<FOLD name="SOURCE" title="">
<FOLD name="SEND_MESSAGE" title="">
<JOBP id="1336997" link="0" name="PCK.AUTOMIC_APACHE_KAFKA.PUB.ACTION.SEND_MESSAGE"/>
<FOLD name="INTERNAL" title="">
<FOLD name="JOBS" title="">
<JOBS_UNIX id="1341937" link="0" name="PCK.AUTOMIC_APACHE_KAFKA.PRV.JOB.SEND_MESSAGE@UNIX"/>
<JOBS_WINDOWS id="1341938" link="0" name="PCK.AUTOMIC_APACHE_KAFKA.PRV.JOB.SEND_MESSAGE@WINDOWS"/>
</FOLD>
<FOLD name="PROMPTSETS" title="">
<PRPT id="1341939" link="0" name="PCK.AUTOMIC_APACHE_KAFKA.PRV.PROMPTSET.SEND_MESSAGE"/>
</FOLD>
</FOLD>
</FOLD>
<FOLD name="SHARED" title="">
<FOLD name="INCLUDES" title="">
<JOBI id="1336999" link="0" name="PCK.AUTOMIC_APACHE_KAFKA.PUB.INCLUDE.ESCAPE_ARG_VALUE@WIN"/>
<JOBI id="1337000" link="0" name="PCK.AUTOMIC_APACHE_KAFKA.PUB.INCLUDE.PREPARE_JAVA_COMMAND@UNIX"/>
<JOBI id="1342001" link="0" name="PCK.AUTOMIC_APACHE_KAFKA.PUB.INCLUDE.PREPARE_JAVA_COMMAND@WIN"/>
<JOBI id="1341932" link="0" name="PCK.AUTOMIC_APACHE_KAFKA.PUB.INCLUDE.ATTACH_RESOURCE"/>
<JOBI id="1341933" link="0" name="PCK.AUTOMIC_APACHE_KAFKA.PUB.INCLUDE.CHECK_JOBSTATUS@UNIX"/>
<JOBI id="1341934" link="0" name="PCK.AUTOMIC_APACHE_KAFKA.PUB.INCLUDE.CHECK_JOBSTATUS@WIN"/>
<JOBI id="1341935" link="0" name="PCK.AUTOMIC_APACHE_KAFKA.PUB.INCLUDE.ESCAPE_ARG_VALUE@UNIX"/>
<JOBI id="1341936" link="0" name="PCK.AUTOMIC_APACHE_KAFKA.PUB.INCLUDE.LOAD_CONFIGURATIONS"/>
</FOLD>
<FOLD name="PROMPTSETS" title="">
<PRPT id="1342002" link="0" name="PCK.AUTOMIC_APACHE_KAFKA.PUB.PROMPTSET.CONNECTION_DETAILS"/>
</FOLD>
</FOLD>
</FOLD>
</FOLD>
</FolderStruct>
<VARA OVD_VRName="FREI" data_type="STATIC" name="PCK.AUTOMIC_APACHE_KAFKA.PUB.VAR.METADATA" replacementmode="2">
<HEADER state="1">
<Title/>
<ArchiveKey1/>
<ArchiveKey2/>
<OH_SubType>STATIC</OH_SubType>
</HEADER>
<ATTR_VARA state="1">
<Type>C|Text</Type>
<lblSource>Static</lblSource>
<source>STATIC</source>
<VRName>FREI|Freely selected</VRName>
<NotFoundErr>0</NotFoundErr>
<NotFoundDef>1</NotFoundDef>
<ShareN>0</ShareN>
<ShareL>0</ShareL>
<ShareR>0</ShareR>
<MaxValue_C>1024</MaxValue_C>
<CheckMax_C>0</CheckMax_C>
<uppercase>0</uppercase>
<sortColumn>0</sortColumn>
<sortDirection>0</sortDirection>
</ATTR_VARA>
<VARA state="1">
<Variables>
<row Name="Categories" Value="APACHE KAFKA" Value1="" Value2="" Value3="" Value4=""/>
<row Name="Company" Value="Automic Software GmbH" Value1="" Value2="" Value3="" Value4=""/>
<row Name="Dependencies" Value="PCK.ITPA_SHARED ~&gt; 1.1" Value1="" Value2="" Value3="" Value4=""/>
<row Name="Description" Value="Provide Integration with Apache Kafka ." Value1="" Value2="" Value3="" Value4=""/>
<row Name="Homepage" Value="www.automic.com" Value1="" Value2="" Value3="" Value4=""/>
<row Name="License" Value="Automic License" Value1="" Value2="" Value3="" Value4=""/>
<row Name="Name" Value="PCK.AUTOMIC_APACHE_KAFKA" Value1="" Value2="" Value3="" Value4=""/>
<row Name="Package Format Version" Value="0.3.0" Value1="" Value2="" Value3="" Value4=""/>
<row Name="Restricted To Client" Value="" Value1="" Value2="" Value3="" Value4=""/>
<row Name="Title" Value="Apache Kafka" Value1="" Value2="" Value3="" Value4=""/>
<row Name="Type" Value="Action Pack" Value1="" Value2="" Value3="" Value4=""/>
<row Name="Version" Value="1.0.0" Value1="" Value2="" Value3="" Value4=""/>
<row Name="Build Number" Value="7550" Value1="" Value2="" Value3="" Value4=""/><row Name="Revision" Value="4c82983" Value1="" Value2="" Value3="" Value4=""/></Variables>
</VARA>
<DOCU_Docu state="1" type="text">
<DOC/>
</DOCU_Docu>
</VARA>
<VARA OVD_VRName="FREI" data_type="STATIC" name="PCK.AUTOMIC_APACHE_KAFKA.PUB.PROMPT_EXTERNAL_MAP" replacementmode="2">
<HEADER state="1">
<Title/>
<ArchiveKey1/>
<ArchiveKey2/>
<OH_SubType>STATIC</OH_SubType>
</HEADER>
<ATTR_VARA state="1">
<Type>C|Text</Type>
<lblSource>Static</lblSource>
<source>STATIC</source>
<VRName>FREI|Freely selected</VRName>
<NotFoundErr>0</NotFoundErr>
<NotFoundDef>1</NotFoundDef>
<ShareN>0</ShareN>
<ShareL>0</ShareL>
<ShareR>0</ShareR>
<MaxValue_C>1024</MaxValue_C>
<CheckMax_C>0</CheckMax_C>
<uppercase>0</uppercase>
<sortColumn>0</sortColumn>
<sortDirection>0</sortDirection>
</ATTR_VARA>
<VARA state="1">
<Variables>
<row Name="PCK.AUTOMIC_APACHE_KAFKA.PUB.ACTION.SEND_MESSAGE/AGENT#" Value="&amp;AGENT#" Value1="" Value2="" Value3="" Value4=""/>
<row Name="PCK.AUTOMIC_APACHE_KAFKA.PUB.ACTION.SEND_MESSAGE/LOGIN#" Value="&amp;LOGIN#" Value1="" Value2="" Value3="" Value4=""/>
</Variables>
</VARA>
<DOCU_Docu state="1" type="text">
<DOC/>
</DOCU_Docu>
</VARA>
<DOCU name="PCK.AUTOMIC_APACHE_KAFKA.PUB.DOC">
<HEADER state="1">
<Title>Pack Documentation</Title>
<ArchiveKey1/>
<ArchiveKey2/>
<OH_SubType/>
</HEADER>
<DOCU_Docu state="1" type="text">
<DOC><![CDATA[About the Package
================================
Kafka is a distributed publish-subscribe messaging system and a robust queue that can handle a high volume of data and enables you to pass messages from one end-point to another.
Kafka is suitable for both offline and online message consumption. Kafka messages are persisted on the disk and replicated within the cluster to prevent data loss.
It is built on top of the Zoo-Keeper synchronization service. It integrates very well with Apache Storm and Spark for real-time streaming data analysis.

So, it is used for stream processing, website activity tracking, metrics collection and monitoring, log aggregation, real-time analytics, CEP, ingesting data into Spark,
ingesting data into Hadoop,CQRS, replay messages, error recovery, and guaranteed distributed commit log for in-memory computing (microservices).

=Supported versions=
v2.1.0

=Setup=
* Java version 7 or above should be installed on Agent OS.
* Internet Connection should be available on Agent OS.

=Common Inputs=
- Broker Address*: Provide Broker Server address including port. Multiple brokers can be provided as separated by comma.
- SSL*: Specify whether SSL is enabled on the kafka server.
- SSL Truststore Location: Provide location of the SSL Truststore. E.g.: /bin/client.trustore.jks
- SSL Truststore Password : Provide password for given truststore.
- SSL Keystore Location	: Provide location of the SSL Keystore. E.g.: /var/private/ss/kafka.client.keystore.jks
- SSL Keystore Password	: Provide password for given keystore.
- SSL Password	: Provide SSL password.

=Actions=
Following actions are supported

* Action name: PCK.AUTOMIC_APACHE_KAFKA.PUB.ACTION.SEND_MESSAGE
* Action Description: This action sends a message to the Kafka broker.]]></DOC>
</DOCU_Docu>
</DOCU>
<DOCU name="PCK.AUTOMIC_APACHE_KAFKA.PUB.LICENSES">
<HEADER state="1">
<Title/>
<ArchiveKey1/>
<ArchiveKey2/>
<OH_SubType/>
</HEADER>
<DOCU_Docu state="1" type="text">
<DOC/>
</DOCU_Docu>
</DOCU>
<STORE name="PCK.AUTOMIC_APACHE_KAFKA.PRV.STORE">
<HEADER state="1">
<Title/>
<ArchiveKey1/>
<ArchiveKey2/>
<OH_SubType/>
</HEADER>
<STORE>
<resourceList>
<row checksum="9F0F1A492EA304530D93FEFD2890D0CE4902C98A5F6BC6997D1443472A13033D" fileType="BINARY" filename="kafka-tool.jar" hw="*" id="KAFKATOOL-ALL-ALL-ALL" name="KAFKATOOL" platform="*" resname="PCK.AUTOMIC_APACHE_KAFKA.PRV.STORE-KAFKATOOL-ALL-ALL-ALL" size="8985285" sw="*" type="3" version="1.0.0.201902190843"/>
</resourceList>
</STORE>
<DOCU_Docu state="1" type="text">
<DOC/>
</DOCU_Docu>
</STORE>
<JOBP AllowExternal="1" name="PCK.AUTOMIC_APACHE_KAFKA.PUB.ACTION.SEND_MESSAGE">
<XHEADER state="1">
<Title>Send Message</Title>
<ArchiveKey1/>
<ArchiveKey2/>
<Active>1</Active>
<OH_SubType/>
<CustomAttributes KeyListID="0" dataRequestID="0"/>
</XHEADER>
<SYNCREF state="1">
<Syncs/>
</SYNCREF>
<ATTR_JOBP state="1">
<Queue>CLIENT_QUEUE</Queue>
<ChildQueue>*OWN</ChildQueue>
<StartType/>
<ExtRepDef>1</ExtRepDef>
<ExtRepAll>0</ExtRepAll>
<ExtRepNone>0</ExtRepNone>
<IntAccount/>
<AutoDeactNo>0</AutoDeactNo>
<AutoDeact1ErrorFree>0</AutoDeact1ErrorFree>
<AutoDeactErrorFree>1</AutoDeactErrorFree>
<DeactWhen>ANY_OK</DeactWhen>
<AutoDeactAlways>0</AutoDeactAlways>
<DeactDelay>0</DeactDelay>
<ActAtRun>1</ActAtRun>
<UC4Priority>0</UC4Priority>
<PassPriority>0</PassPriority>
<MaxParallel2>0</MaxParallel2>
<ReuseHG>1</ReuseHG>
<MpElse1>1</MpElse1>
<MpElse2>0</MpElse2>
<TZ/>
<RWhen/>
<RExecute/>
<JPA_SubType/>
</ATTR_JOBP>
<JOBP state="1">
<JobpStruct mode="design">
<task Alias="" BranchType="0" Col="1" Lnr="1" OType="&lt;START&gt;" Object="START" ParentAlias="" ParentObject="" Row="2" Text2="">
<checkpoint RollbackFlag="0" RunPerPatch="0" RunPerTarget="0" TcpADays="0" TcpATime="00:00" TcpATimeTZ="" TcpExecute="" TcpOn="0" promptatgen="0" showprompt="0"/>
<after ActFlg="1" AtimOn="0" ErlstStDays="0" ErlstStTime="00:00" ErlstStTimeTZ="" HoldFlg="0"/>
<when ChkWhenExec="0" LtstEnd="0" LtstEndDays="0" LtstEndTime="00:00" LtstSt="0" LtstStDays="0" LtstStTime="00:00" LtstTimeTZ="" WCTypeAND="1" WCTypeOR="0" WElseA="0" WElseH="0" WElseS="1" WElseX="0" WhenExecute="" WtimOn="0"/>
<preconditions>
<PreCon>
<conditions id="CONDITIONS"/>
</PreCon>
</preconditions>
<predecessors/>
<runtime MrtCancel="0" MrtDays="0" MrtErt="0" MrtExecute="0" MrtExecuteObj="" MrtFix="0" MrtMethodDate="0" MrtMethodErt="0" MrtMethodFix="0" MrtMethodNone="1" MrtOn="1" MrtTZ="" MrtTime="00:00" SrtErt="0" SrtFix="0" SrtMethodErt="0" SrtMethodFix="0" SrtMethodNone="1"/>
<result ChkRExec="0" RElseHalt="0" RElseIgn="0" RElseJPAbend="0" RExecFlag="0" RExecute="" RRepMTimes="0" RRepOn="0" RRepWait="0" RWhen=""/>
<dynvalues>
<dyntree>
<node content="1" id="PCK.AUTOMIC_APACHE_KAFKA.PUB.PROMPTSET.CONNECTION_DETAILS" name="PCK.AUTOMIC_APACHE_KAFKA.PUB.PROMPTSET.CONNECTION_DETAILS" parent="PPRPTS" type="PPROMPTSET">
<PROMPTSET name="PCK.AUTOMIC_APACHE_KAFKA.PUB.PROMPTSET.CONNECTION_DETAILS">
<PRPTBOX promptset="PCK.AUTOMIC_APACHE_KAFKA.PUB.PROMPTSET.CONNECTION_DETAILS">
<UC4RB_KFK_BROKERs.00 ReadFromTable="OPUD" altview="0" haslist="0" msginsert="" msgnr="" promptname="UC4RB_KFK_BROKER#" promptsetname="PCK.AUTOMIC_APACHE_KAFKA.PUB.PROMPTSET.CONNECTION_DETAILS"/>
<UC4RB_KFK_SSLs.00 ReadFromTable="OPSE" altview="0" haslist="0" msginsert="" msgnr="" promptname="UC4RB_KFK_SSL#" promptsetname="PCK.AUTOMIC_APACHE_KAFKA.PUB.PROMPTSET.CONNECTION_DETAILS">YES</UC4RB_KFK_SSLs.00>
<UC4RB_KFK_SSL_KSTORE_LOCs.00 ReadFromTable="OPUD" altview="0" haslist="0" msginsert="" msgnr="" promptname="UC4RB_KFK_SSL_KSTORE_LOC#" promptsetname="PCK.AUTOMIC_APACHE_KAFKA.PUB.PROMPTSET.CONNECTION_DETAILS"/>
<UC4RB_KFK_SSL_KSTORE_PWDs.00 ReadFromTable="OPSE" altview="0" haslist="0" msginsert="" msgnr="" promptname="UC4RB_KFK_SSL_KSTORE_PWD#" promptsetname="PCK.AUTOMIC_APACHE_KAFKA.PUB.PROMPTSET.CONNECTION_DETAILS">--10</UC4RB_KFK_SSL_KSTORE_PWDs.00>
<UC4RB_KFK_SSL_PWDs.00 ReadFromTable="OPUD" altview="0" haslist="0" msginsert="" msgnr="" promptname="UC4RB_KFK_SSL_PWD#" promptsetname="PCK.AUTOMIC_APACHE_KAFKA.PUB.PROMPTSET.CONNECTION_DETAILS">--10</UC4RB_KFK_SSL_PWDs.00>
<UC4RB_KFK_SSL_TSTORE_LOCs.00 ReadFromTable="OPUD" altview="0" haslist="0" msginsert="" msgnr="" promptname="UC4RB_KFK_SSL_TSTORE_LOC#" promptsetname="PCK.AUTOMIC_APACHE_KAFKA.PUB.PROMPTSET.CONNECTION_DETAILS"/>
<UC4RB_KFK_SSL_TSTORE_PWDs.00 ReadFromTable="OPSE" altview="0" haslist="0" msginsert="" msgnr="" promptname="UC4RB_KFK_SSL_TSTORE_PWD#" promptsetname="PCK.AUTOMIC_APACHE_KAFKA.PUB.PROMPTSET.CONNECTION_DETAILS">--10</UC4RB_KFK_SSL_TSTORE_PWDs.00>
</PRPTBOX>
</PROMPTSET>
</node>
<node content="1" id="PCK.AUTOMIC_APACHE_KAFKA.PRV.PROMPTSET.SEND_MESSAGE" name="PCK.AUTOMIC_APACHE_KAFKA.PRV.PROMPTSET.SEND_MESSAGE" parent="PPRPTS" type="PPROMPTSET">
<PROMPTSET name="PCK.AUTOMIC_APACHE_KAFKA.PRV.PROMPTSET.SEND_MESSAGE">
<PRPTBOX promptset="PCK.AUTOMIC_APACHE_KAFKA.PRV.PROMPTSET.SEND_MESSAGE">
<UC4RB_KFK_MESSAGEs.00 ReadFromTable="OPSE" altview="0" haslist="0" msginsert="" msgnr="" promptname="UC4RB_KFK_MESSAGE#" promptsetname="PCK.AUTOMIC_APACHE_KAFKA.PRV.PROMPTSET.SEND_MESSAGE"/>
<UC4RB_KFK_RETRY_COUNTs.00 ReadFromTable="OPSE" altview="0" haslist="0" msginsert="" msgnr="" promptname="UC4RB_KFK_RETRY_COUNT#" promptsetname="PCK.AUTOMIC_APACHE_KAFKA.PRV.PROMPTSET.SEND_MESSAGE">5</UC4RB_KFK_RETRY_COUNTs.00>
<UC4RB_KFK_TOPICs.00 ReadFromTable="OPSE" altview="0" haslist="0" msginsert="" msgnr="" promptname="UC4RB_KFK_TOPIC#" promptsetname="PCK.AUTOMIC_APACHE_KAFKA.PRV.PROMPTSET.SEND_MESSAGE"/>
</PRPTBOX>
</PROMPTSET>
</node>
<node content="1" id="PCK.ITPA_SHARED.PUB.PROMPTSET.SUDO" name="PCK.ITPA_SHARED.PUB.PROMPTSET.SUDO" parent="PPRPTS" type="PPROMPTSET">
<PROMPTSET name="PCK.ITPA_SHARED.PUB.PROMPTSET.SUDO">
<PRPTBOX promptset="PCK.ITPA_SHARED.PUB.PROMPTSET.SUDO">
<UC4RB_SUDO_PASSWORDs.00 ReadFromTable="OPUD" altview="0" haslist="0" msginsert="" msgnr="" promptname="UC4RB_SUDO_PASSWORD#" promptsetname="PCK.ITPA_SHARED.PUB.PROMPTSET.SUDO">--10</UC4RB_SUDO_PASSWORDs.00>
<UC4RB_SUDO_USERs.00 ReadFromTable="OPUD" altview="0" haslist="0" msginsert="" msgnr="" promptname="UC4RB_SUDO_USER#" promptsetname="PCK.ITPA_SHARED.PUB.PROMPTSET.SUDO"/>
<UC4RB_USE_SUDOs.00 ReadFromTable="OPUD" altview="0" haslist="0" msginsert="" msgnr="" promptname="UC4RB_USE_SUDO#" promptsetname="PCK.ITPA_SHARED.PUB.PROMPTSET.SUDO">None</UC4RB_USE_SUDOs.00>
</PRPTBOX>
</PROMPTSET>
</node>
<node content="1" id="PCK.ITPA_SHARED.PRV.PROMPTSET.OVERWRITE_AGENT" name="PCK.ITPA_SHARED.PRV.PROMPTSET.OVERWRITE_AGENT" parent="PPRPTS" type="PPROMPTSET">
<PROMPTSET name="PCK.ITPA_SHARED.PRV.PROMPTSET.OVERWRITE_AGENT">
<PRPTBOX promptset="PCK.ITPA_SHARED.PRV.PROMPTSET.OVERWRITE_AGENT">
<AGENTs.00 ReadFromTable="OPUD" altview="1" haslist="0" msginsert="" msgnr="" promptname="AGENT#" promptsetname="PCK.ITPA_SHARED.PRV.PROMPTSET.OVERWRITE_AGENT">&amp;AGENT#</AGENTs.00>
<LOGINs.00 ReadFromTable="OPUD" altview="1" haslist="0" msginsert="" msgnr="" promptname="LOGIN#" promptsetname="PCK.ITPA_SHARED.PRV.PROMPTSET.OVERWRITE_AGENT">&amp;LOGIN#</LOGINs.00>
</PRPTBOX>
</PROMPTSET>
</node>
</dyntree>
</dynvalues>
<CIT/>
<calendars CCTypeAll="0" CCTypeExt="0" CCTypeNone="0" CCTypeOne="1" CaleOn="0"/>
<postconditions>
<PostCon>
<conditions id="CONDITIONS"/>
</PostCon>
</postconditions>
</task>
<task Alias="SEND_MESSAGE" BranchType="0" Col="2" Lnr="2" OType="JOBS" Object="PCK.AUTOMIC_APACHE_KAFKA.PRV.JOB.SEND_MESSAGE@WINDOWS" ParentAlias="" ParentObject="" Row="1" Text2="">
<checkpoint RollbackFlag="0" RunPerPatch="0" RunPerTarget="0" TcpADays="0" TcpATime="00:00" TcpATimeTZ="" TcpExecute="" TcpOn="0" promptatgen="0" showprompt="0"/>
<after ActFlg="1" AtimOn="0" ErlstStDays="0" ErlstStTime="00:00" ErlstStTimeTZ="" HoldFlg="0"/>
<when ChkWhenExec="0" LtstEnd="0" LtstEndDays="0" LtstEndTime="00:00" LtstSt="0" LtstStDays="0" LtstStTime="00:00" LtstTimeTZ="" WCTypeAND="1" WCTypeOR="0" WElseA="1" WElseH="0" WElseS="0" WElseX="0" WhenExecute="" WtimOn="0"/>
<preconditions>
<PreCon>
<conditions id="CONDITIONS"/>
</PreCon>
</preconditions>
<predecessors>
<pre BranchType="0" Lnr="1" PreLnr="1" When="ANY_OK" type="container"/>
</predecessors>
<runtime MrtCancel="0" MrtDays="0" MrtErt="0" MrtExecute="0" MrtExecuteObj="" MrtFix="0" MrtMethodDate="0" MrtMethodErt="0" MrtMethodFix="0" MrtMethodNone="1" MrtOn="1" MrtTZ="" MrtTime="00:00" SrtErt="0" SrtFix="0" SrtMethodErt="0" SrtMethodFix="0" SrtMethodNone="1"/>
<result ChkRExec="0" RElseHalt="0" RElseIgn="0" RElseJPAbend="0" RExecFlag="0" RExecute="" RRepMTimes="0" RRepOn="0" RRepWait="0" RWhen=""/>
<dynvalues>
<dyntree>
<node content="1" id="VALUE" name="Variables" parent="" type="TASKVALUE">
<VALUE state="2">
<Values/>
<Mode>0</Mode>
</VALUE>
</node>
<node content="1" id="PVALUE" name="Parent Variables" parent="" type="TASKVALUE">
<VALUE state="2">
<Values/>
<Mode>1</Mode>
</VALUE>
</node>
<node content="1" id="PRPTS" name="PromptSets" parent="" pref="1" type="PROMPTSET"/>
<node content="0" id="PPRPTS" name="Parent PromptSets" parent="" type="PPROMPTSET"/>
<node content="1" id="PCK.AUTOMIC_APACHE_KAFKA.PUB.PROMPTSET.CONNECTION_DETAILS" name="PCK.AUTOMIC_APACHE_KAFKA.PUB.PROMPTSET.CONNECTION_DETAILS" parent="PPRPTS" type="PPROMPTSET">
<PROMPTSET name="PCK.AUTOMIC_APACHE_KAFKA.PUB.PROMPTSET.CONNECTION_DETAILS">
<PRPTBOX promptset="PCK.AUTOMIC_APACHE_KAFKA.PUB.PROMPTSET.CONNECTION_DETAILS">
<UC4RB_KFK_BROKERs.00 ReadFromTable="OPUD" altview="0" haslist="0" msginsert="" msgnr="" promptname="UC4RB_KFK_BROKER#" promptsetname="PCK.AUTOMIC_APACHE_KAFKA.PUB.PROMPTSET.CONNECTION_DETAILS"/>
<UC4RB_KFK_SSLs.00 ReadFromTable="OPSE" altview="0" haslist="0" msginsert="" msgnr="" promptname="UC4RB_KFK_SSL#" promptsetname="PCK.AUTOMIC_APACHE_KAFKA.PUB.PROMPTSET.CONNECTION_DETAILS">YES</UC4RB_KFK_SSLs.00>
<UC4RB_KFK_SSL_KSTORE_LOCs.00 ReadFromTable="OPUD" altview="0" haslist="0" msginsert="" msgnr="" promptname="UC4RB_KFK_SSL_KSTORE_LOC#" promptsetname="PCK.AUTOMIC_APACHE_KAFKA.PUB.PROMPTSET.CONNECTION_DETAILS"/>
<UC4RB_KFK_SSL_KSTORE_PWDs.00 ReadFromTable="OPSE" altview="0" haslist="0" msginsert="" msgnr="" promptname="UC4RB_KFK_SSL_KSTORE_PWD#" promptsetname="PCK.AUTOMIC_APACHE_KAFKA.PUB.PROMPTSET.CONNECTION_DETAILS">--10</UC4RB_KFK_SSL_KSTORE_PWDs.00>
<UC4RB_KFK_SSL_PWDs.00 ReadFromTable="OPUD" altview="0" haslist="0" msginsert="" msgnr="" promptname="UC4RB_KFK_SSL_PWD#" promptsetname="PCK.AUTOMIC_APACHE_KAFKA.PUB.PROMPTSET.CONNECTION_DETAILS">--10</UC4RB_KFK_SSL_PWDs.00>
<UC4RB_KFK_SSL_TSTORE_LOCs.00 ReadFromTable="OPUD" altview="0" haslist="0" msginsert="" msgnr="" promptname="UC4RB_KFK_SSL_TSTORE_LOC#" promptsetname="PCK.AUTOMIC_APACHE_KAFKA.PUB.PROMPTSET.CONNECTION_DETAILS"/>
<UC4RB_KFK_SSL_TSTORE_PWDs.00 ReadFromTable="OPSE" altview="0" haslist="0" msginsert="" msgnr="" promptname="UC4RB_KFK_SSL_TSTORE_PWD#" promptsetname="PCK.AUTOMIC_APACHE_KAFKA.PUB.PROMPTSET.CONNECTION_DETAILS">--10</UC4RB_KFK_SSL_TSTORE_PWDs.00>
</PRPTBOX>
</PROMPTSET>
</node>
<node content="1" id="PCK.AUTOMIC_APACHE_KAFKA.PRV.PROMPTSET.SEND_MESSAGE" name="PCK.AUTOMIC_APACHE_KAFKA.PRV.PROMPTSET.SEND_MESSAGE" parent="PPRPTS" type="PPROMPTSET">
<PROMPTSET name="PCK.AUTOMIC_APACHE_KAFKA.PRV.PROMPTSET.SEND_MESSAGE">
<PRPTBOX promptset="PCK.AUTOMIC_APACHE_KAFKA.PRV.PROMPTSET.SEND_MESSAGE">
<UC4RB_KFK_MESSAGEs.00 ReadFromTable="OPSE" altview="0" haslist="0" msginsert="" msgnr="" promptname="UC4RB_KFK_MESSAGE#" promptsetname="PCK.AUTOMIC_APACHE_KAFKA.PRV.PROMPTSET.SEND_MESSAGE"/>
<UC4RB_KFK_RETRY_COUNTs.00 ReadFromTable="OPSE" altview="0" haslist="0" msginsert="" msgnr="" promptname="UC4RB_KFK_RETRY_COUNT#" promptsetname="PCK.AUTOMIC_APACHE_KAFKA.PRV.PROMPTSET.SEND_MESSAGE">5</UC4RB_KFK_RETRY_COUNTs.00>
<UC4RB_KFK_TOPICs.00 ReadFromTable="OPSE" altview="0" haslist="0" msginsert="" msgnr="" promptname="UC4RB_KFK_TOPIC#" promptsetname="PCK.AUTOMIC_APACHE_KAFKA.PRV.PROMPTSET.SEND_MESSAGE"/>
</PRPTBOX>
</PROMPTSET>
</node>
<node content="1" id="PCK.ITPA_SHARED.PUB.PROMPTSET.SUDO" name="PCK.ITPA_SHARED.PUB.PROMPTSET.SUDO" parent="PPRPTS" type="PPROMPTSET">
<PROMPTSET name="PCK.ITPA_SHARED.PUB.PROMPTSET.SUDO">
<PRPTBOX promptset="PCK.ITPA_SHARED.PUB.PROMPTSET.SUDO">
<UC4RB_SUDO_PASSWORDs.00 ReadFromTable="OPUD" altview="0" haslist="0" msginsert="" msgnr="" promptname="UC4RB_SUDO_PASSWORD#" promptsetname="PCK.ITPA_SHARED.PUB.PROMPTSET.SUDO">--10</UC4RB_SUDO_PASSWORDs.00>
<UC4RB_SUDO_USERs.00 ReadFromTable="OPUD" altview="0" haslist="0" msginsert="" msgnr="" promptname="UC4RB_SUDO_USER#" promptsetname="PCK.ITPA_SHARED.PUB.PROMPTSET.SUDO"/>
<UC4RB_USE_SUDOs.00 ReadFromTable="OPUD" altview="0" haslist="0" msginsert="" msgnr="" promptname="UC4RB_USE_SUDO#" promptsetname="PCK.ITPA_SHARED.PUB.PROMPTSET.SUDO">None</UC4RB_USE_SUDOs.00>
</PRPTBOX>
</PROMPTSET>
</node>
<node content="1" id="PCK.ITPA_SHARED.PRV.PROMPTSET.OVERWRITE_AGENT" name="PCK.ITPA_SHARED.PRV.PROMPTSET.OVERWRITE_AGENT" parent="PPRPTS" type="PPROMPTSET">
<PROMPTSET name="PCK.ITPA_SHARED.PRV.PROMPTSET.OVERWRITE_AGENT">
<PRPTBOX promptset="PCK.ITPA_SHARED.PRV.PROMPTSET.OVERWRITE_AGENT">
<AGENTs.00 ReadFromTable="OPUD" altview="1" haslist="0" msginsert="" msgnr="" promptname="AGENT#" promptsetname="PCK.ITPA_SHARED.PRV.PROMPTSET.OVERWRITE_AGENT">&amp;AGENT#</AGENTs.00>
<LOGINs.00 ReadFromTable="OPUD" altview="1" haslist="0" msginsert="" msgnr="" promptname="LOGIN#" promptsetname="PCK.ITPA_SHARED.PRV.PROMPTSET.OVERWRITE_AGENT">&amp;LOGIN#</LOGINs.00>
</PRPTBOX>
</PROMPTSET>
</node>
</dyntree>
</dynvalues>
<CIT/>
<calendars CCTypeAll="0" CCTypeExt="0" CCTypeNone="0" CCTypeOne="1" CaleOn="0"/>
<postconditions>
<PostCon>
<conditions id="CONDITIONS"/>
</PostCon>
</postconditions>
</task>
<task Alias="SEND_MESSAGE" BranchType="0" Col="2" Lnr="3" OType="JOBS" Object="PCK.AUTOMIC_APACHE_KAFKA.PRV.JOB.SEND_MESSAGE@UNIX" ParentAlias="" ParentObject="" Row="3" Text2="">
<checkpoint RollbackFlag="0" RunPerPatch="0" RunPerTarget="0" TcpADays="0" TcpATime="00:00" TcpATimeTZ="" TcpExecute="" TcpOn="0" promptatgen="0" showprompt="0"/>
<after ActFlg="1" AtimOn="0" ErlstStDays="0" ErlstStTime="00:00" ErlstStTimeTZ="" HoldFlg="0"/>
<when ChkWhenExec="0" LtstEnd="0" LtstEndDays="0" LtstEndTime="00:00" LtstSt="0" LtstStDays="0" LtstStTime="00:00" LtstTimeTZ="" WCTypeAND="1" WCTypeOR="0" WElseA="1" WElseH="0" WElseS="0" WElseX="0" WhenExecute="" WtimOn="0"/>
<preconditions>
<PreCon>
<conditions id="CONDITIONS"/>
</PreCon>
</preconditions>
<predecessors>
<pre BranchType="0" Lnr="1" PreLnr="1" When="ANY_OK" type="container"/>
</predecessors>
<runtime MrtCancel="0" MrtDays="0" MrtErt="0" MrtExecute="0" MrtExecuteObj="" MrtFix="0" MrtMethodDate="0" MrtMethodErt="0" MrtMethodFix="0" MrtMethodNone="1" MrtOn="1" MrtTZ="" MrtTime="00:00" SrtErt="0" SrtFix="0" SrtMethodErt="0" SrtMethodFix="0" SrtMethodNone="1"/>
<result ChkRExec="0" RElseHalt="0" RElseIgn="0" RElseJPAbend="0" RExecFlag="0" RExecute="" RRepMTimes="0" RRepOn="0" RRepWait="0" RWhen=""/>
<dynvalues>
<dyntree>
<node content="1" id="VALUE" name="Variables" parent="" type="TASKVALUE">
<VALUE state="2">
<Values/>
<Mode>0</Mode>
</VALUE>
</node>
<node content="1" id="PVALUE" name="Parent Variables" parent="" type="TASKVALUE">
<VALUE state="2">
<Values/>
<Mode>1</Mode>
</VALUE>
</node>
<node content="1" id="PRPTS" name="PromptSets" parent="" pref="1" type="PROMPTSET"/>
<node content="0" id="PPRPTS" name="Parent PromptSets" parent="" type="PPROMPTSET"/>
<node content="1" id="PCK.AUTOMIC_APACHE_KAFKA.PUB.PROMPTSET.CONNECTION_DETAILS" name="PCK.AUTOMIC_APACHE_KAFKA.PUB.PROMPTSET.CONNECTION_DETAILS" parent="PPRPTS" type="PPROMPTSET">
<PROMPTSET name="PCK.AUTOMIC_APACHE_KAFKA.PUB.PROMPTSET.CONNECTION_DETAILS">
<PRPTBOX promptset="PCK.AUTOMIC_APACHE_KAFKA.PUB.PROMPTSET.CONNECTION_DETAILS">
<UC4RB_KFK_BROKERs.00 ReadFromTable="OPUD" altview="0" haslist="0" msginsert="" msgnr="" promptname="UC4RB_KFK_BROKER#" promptsetname="PCK.AUTOMIC_APACHE_KAFKA.PUB.PROMPTSET.CONNECTION_DETAILS"/>
<UC4RB_KFK_SSLs.00 ReadFromTable="OPSE" altview="0" haslist="0" msginsert="" msgnr="" promptname="UC4RB_KFK_SSL#" promptsetname="PCK.AUTOMIC_APACHE_KAFKA.PUB.PROMPTSET.CONNECTION_DETAILS">YES</UC4RB_KFK_SSLs.00>
<UC4RB_KFK_SSL_KSTORE_LOCs.00 ReadFromTable="OPUD" altview="0" haslist="0" msginsert="" msgnr="" promptname="UC4RB_KFK_SSL_KSTORE_LOC#" promptsetname="PCK.AUTOMIC_APACHE_KAFKA.PUB.PROMPTSET.CONNECTION_DETAILS"/>
<UC4RB_KFK_SSL_KSTORE_PWDs.00 ReadFromTable="OPSE" altview="0" haslist="0" msginsert="" msgnr="" promptname="UC4RB_KFK_SSL_KSTORE_PWD#" promptsetname="PCK.AUTOMIC_APACHE_KAFKA.PUB.PROMPTSET.CONNECTION_DETAILS">--10</UC4RB_KFK_SSL_KSTORE_PWDs.00>
<UC4RB_KFK_SSL_PWDs.00 ReadFromTable="OPUD" altview="0" haslist="0" msginsert="" msgnr="" promptname="UC4RB_KFK_SSL_PWD#" promptsetname="PCK.AUTOMIC_APACHE_KAFKA.PUB.PROMPTSET.CONNECTION_DETAILS">--10</UC4RB_KFK_SSL_PWDs.00>
<UC4RB_KFK_SSL_TSTORE_LOCs.00 ReadFromTable="OPUD" altview="0" haslist="0" msginsert="" msgnr="" promptname="UC4RB_KFK_SSL_TSTORE_LOC#" promptsetname="PCK.AUTOMIC_APACHE_KAFKA.PUB.PROMPTSET.CONNECTION_DETAILS"/>
<UC4RB_KFK_SSL_TSTORE_PWDs.00 ReadFromTable="OPSE" altview="0" haslist="0" msginsert="" msgnr="" promptname="UC4RB_KFK_SSL_TSTORE_PWD#" promptsetname="PCK.AUTOMIC_APACHE_KAFKA.PUB.PROMPTSET.CONNECTION_DETAILS">--10</UC4RB_KFK_SSL_TSTORE_PWDs.00>
</PRPTBOX>
</PROMPTSET>
</node>
<node content="1" id="PCK.AUTOMIC_APACHE_KAFKA.PRV.PROMPTSET.SEND_MESSAGE" name="PCK.AUTOMIC_APACHE_KAFKA.PRV.PROMPTSET.SEND_MESSAGE" parent="PPRPTS" type="PPROMPTSET">
<PROMPTSET name="PCK.AUTOMIC_APACHE_KAFKA.PRV.PROMPTSET.SEND_MESSAGE">
<PRPTBOX promptset="PCK.AUTOMIC_APACHE_KAFKA.PRV.PROMPTSET.SEND_MESSAGE">
<UC4RB_KFK_MESSAGEs.00 ReadFromTable="OPSE" altview="0" haslist="0" msginsert="" msgnr="" promptname="UC4RB_KFK_MESSAGE#" promptsetname="PCK.AUTOMIC_APACHE_KAFKA.PRV.PROMPTSET.SEND_MESSAGE"/>
<UC4RB_KFK_RETRY_COUNTs.00 ReadFromTable="OPSE" altview="0" haslist="0" msginsert="" msgnr="" promptname="UC4RB_KFK_RETRY_COUNT#" promptsetname="PCK.AUTOMIC_APACHE_KAFKA.PRV.PROMPTSET.SEND_MESSAGE">5</UC4RB_KFK_RETRY_COUNTs.00>
<UC4RB_KFK_TOPICs.00 ReadFromTable="OPSE" altview="0" haslist="0" msginsert="" msgnr="" promptname="UC4RB_KFK_TOPIC#" promptsetname="PCK.AUTOMIC_APACHE_KAFKA.PRV.PROMPTSET.SEND_MESSAGE"/>
</PRPTBOX>
</PROMPTSET>
</node>
<node content="1" id="PCK.ITPA_SHARED.PUB.PROMPTSET.SUDO" name="PCK.ITPA_SHARED.PUB.PROMPTSET.SUDO" parent="PPRPTS" type="PPROMPTSET">
<PROMPTSET name="PCK.ITPA_SHARED.PUB.PROMPTSET.SUDO">
<PRPTBOX promptset="PCK.ITPA_SHARED.PUB.PROMPTSET.SUDO">
<UC4RB_SUDO_PASSWORDs.00 ReadFromTable="OPUD" altview="0" haslist="0" msginsert="" msgnr="" promptname="UC4RB_SUDO_PASSWORD#" promptsetname="PCK.ITPA_SHARED.PUB.PROMPTSET.SUDO">--10</UC4RB_SUDO_PASSWORDs.00>
<UC4RB_SUDO_USERs.00 ReadFromTable="OPUD" altview="0" haslist="0" msginsert="" msgnr="" promptname="UC4RB_SUDO_USER#" promptsetname="PCK.ITPA_SHARED.PUB.PROMPTSET.SUDO"/>
<UC4RB_USE_SUDOs.00 ReadFromTable="OPUD" altview="0" haslist="0" msginsert="" msgnr="" promptname="UC4RB_USE_SUDO#" promptsetname="PCK.ITPA_SHARED.PUB.PROMPTSET.SUDO">None</UC4RB_USE_SUDOs.00>
</PRPTBOX>
</PROMPTSET>
</node>
<node content="1" id="PCK.ITPA_SHARED.PRV.PROMPTSET.OVERWRITE_AGENT" name="PCK.ITPA_SHARED.PRV.PROMPTSET.OVERWRITE_AGENT" parent="PPRPTS" type="PPROMPTSET">
<PROMPTSET name="PCK.ITPA_SHARED.PRV.PROMPTSET.OVERWRITE_AGENT">
<PRPTBOX promptset="PCK.ITPA_SHARED.PRV.PROMPTSET.OVERWRITE_AGENT">
<AGENTs.00 ReadFromTable="OPUD" altview="1" haslist="0" msginsert="" msgnr="" promptname="AGENT#" promptsetname="PCK.ITPA_SHARED.PRV.PROMPTSET.OVERWRITE_AGENT">&amp;AGENT#</AGENTs.00>
<LOGINs.00 ReadFromTable="OPUD" altview="1" haslist="0" msginsert="" msgnr="" promptname="LOGIN#" promptsetname="PCK.ITPA_SHARED.PRV.PROMPTSET.OVERWRITE_AGENT">&amp;LOGIN#</LOGINs.00>
</PRPTBOX>
</PROMPTSET>
</node>
</dyntree>
</dynvalues>
<CIT/>
<calendars CCTypeAll="0" CCTypeExt="0" CCTypeNone="0" CCTypeOne="1" CaleOn="0"/>
<postconditions>
<PostCon>
<conditions id="CONDITIONS"/>
</PostCon>
</postconditions>
</task>
<task Alias="" BranchType="0" Col="3" Lnr="4" OType="&lt;END&gt;" Object="END" ParentAlias="" ParentObject="" Row="2" Text2="">
<checkpoint RollbackFlag="0" RunPerPatch="0" RunPerTarget="0" TcpADays="0" TcpATime="00:00" TcpATimeTZ="" TcpExecute="" TcpOn="0" promptatgen="0" showprompt="0"/>
<after ActFlg="1" AtimOn="0" ErlstStDays="0" ErlstStTime="00:00" ErlstStTimeTZ="" HoldFlg="0"/>
<when ChkWhenExec="0" LtstEnd="0" LtstEndDays="0" LtstEndTime="00:00" LtstSt="0" LtstStDays="0" LtstStTime="00:00" LtstTimeTZ="" WCTypeAND="1" WCTypeOR="0" WElseA="1" WElseH="0" WElseS="0" WElseX="0" WhenExecute="" WtimOn="0"/>
<preconditions>
<PreCon>
<conditions id="CONDITIONS"/>
</PreCon>
</preconditions>
<predecessors>
<pre BranchType="0" Lnr="1" PreLnr="3" When="ANY_OK" type="container"/>
<pre BranchType="0" Lnr="2" PreLnr="2" When="ANY_OK" type="container"/>
</predecessors>
<runtime MrtCancel="0" MrtDays="0" MrtErt="0" MrtExecute="0" MrtExecuteObj="" MrtFix="0" MrtMethodDate="0" MrtMethodErt="0" MrtMethodFix="0" MrtMethodNone="1" MrtOn="1" MrtTZ="" MrtTime="00:00" SrtErt="0" SrtFix="0" SrtMethodErt="0" SrtMethodFix="0" SrtMethodNone="1"/>
<result ChkRExec="0" RElseHalt="0" RElseIgn="0" RElseJPAbend="0" RExecFlag="0" RExecute="" RRepMTimes="0" RRepOn="0" RRepWait="0" RWhen=""/>
<dynvalues>
<dyntree>
<node content="1" id="PCK.AUTOMIC_APACHE_KAFKA.PUB.PROMPTSET.CONNECTION_DETAILS" name="PCK.AUTOMIC_APACHE_KAFKA.PUB.PROMPTSET.CONNECTION_DETAILS" parent="PPRPTS" type="PPROMPTSET">
<PROMPTSET name="PCK.AUTOMIC_APACHE_KAFKA.PUB.PROMPTSET.CONNECTION_DETAILS">
<PRPTBOX promptset="PCK.AUTOMIC_APACHE_KAFKA.PUB.PROMPTSET.CONNECTION_DETAILS">
<UC4RB_KFK_BROKERs.00 ReadFromTable="OPUD" altview="0" haslist="0" msginsert="" msgnr="" promptname="UC4RB_KFK_BROKER#" promptsetname="PCK.AUTOMIC_APACHE_KAFKA.PUB.PROMPTSET.CONNECTION_DETAILS"/>
<UC4RB_KFK_SSLs.00 ReadFromTable="OPSE" altview="0" haslist="0" msginsert="" msgnr="" promptname="UC4RB_KFK_SSL#" promptsetname="PCK.AUTOMIC_APACHE_KAFKA.PUB.PROMPTSET.CONNECTION_DETAILS">YES</UC4RB_KFK_SSLs.00>
<UC4RB_KFK_SSL_KSTORE_LOCs.00 ReadFromTable="OPUD" altview="0" haslist="0" msginsert="" msgnr="" promptname="UC4RB_KFK_SSL_KSTORE_LOC#" promptsetname="PCK.AUTOMIC_APACHE_KAFKA.PUB.PROMPTSET.CONNECTION_DETAILS"/>
<UC4RB_KFK_SSL_KSTORE_PWDs.00 ReadFromTable="OPSE" altview="0" haslist="0" msginsert="" msgnr="" promptname="UC4RB_KFK_SSL_KSTORE_PWD#" promptsetname="PCK.AUTOMIC_APACHE_KAFKA.PUB.PROMPTSET.CONNECTION_DETAILS">--10</UC4RB_KFK_SSL_KSTORE_PWDs.00>
<UC4RB_KFK_SSL_PWDs.00 ReadFromTable="OPUD" altview="0" haslist="0" msginsert="" msgnr="" promptname="UC4RB_KFK_SSL_PWD#" promptsetname="PCK.AUTOMIC_APACHE_KAFKA.PUB.PROMPTSET.CONNECTION_DETAILS">--10</UC4RB_KFK_SSL_PWDs.00>
<UC4RB_KFK_SSL_TSTORE_LOCs.00 ReadFromTable="OPUD" altview="0" haslist="0" msginsert="" msgnr="" promptname="UC4RB_KFK_SSL_TSTORE_LOC#" promptsetname="PCK.AUTOMIC_APACHE_KAFKA.PUB.PROMPTSET.CONNECTION_DETAILS"/>
<UC4RB_KFK_SSL_TSTORE_PWDs.00 ReadFromTable="OPSE" altview="0" haslist="0" msginsert="" msgnr="" promptname="UC4RB_KFK_SSL_TSTORE_PWD#" promptsetname="PCK.AUTOMIC_APACHE_KAFKA.PUB.PROMPTSET.CONNECTION_DETAILS">--10</UC4RB_KFK_SSL_TSTORE_PWDs.00>
</PRPTBOX>
</PROMPTSET>
</node>
<node content="1" id="PCK.AUTOMIC_APACHE_KAFKA.PRV.PROMPTSET.SEND_MESSAGE" name="PCK.AUTOMIC_APACHE_KAFKA.PRV.PROMPTSET.SEND_MESSAGE" parent="PPRPTS" type="PPROMPTSET">
<PROMPTSET name="PCK.AUTOMIC_APACHE_KAFKA.PRV.PROMPTSET.SEND_MESSAGE">
<PRPTBOX promptset="PCK.AUTOMIC_APACHE_KAFKA.PRV.PROMPTSET.SEND_MESSAGE">
<UC4RB_KFK_MESSAGEs.00 ReadFromTable="OPSE" altview="0" haslist="0" msginsert="" msgnr="" promptname="UC4RB_KFK_MESSAGE#" promptsetname="PCK.AUTOMIC_APACHE_KAFKA.PRV.PROMPTSET.SEND_MESSAGE"/>
<UC4RB_KFK_RETRY_COUNTs.00 ReadFromTable="OPSE" altview="0" haslist="0" msginsert="" msgnr="" promptname="UC4RB_KFK_RETRY_COUNT#" promptsetname="PCK.AUTOMIC_APACHE_KAFKA.PRV.PROMPTSET.SEND_MESSAGE">5</UC4RB_KFK_RETRY_COUNTs.00>
<UC4RB_KFK_TOPICs.00 ReadFromTable="OPSE" altview="0" haslist="0" msginsert="" msgnr="" promptname="UC4RB_KFK_TOPIC#" promptsetname="PCK.AUTOMIC_APACHE_KAFKA.PRV.PROMPTSET.SEND_MESSAGE"/>
</PRPTBOX>
</PROMPTSET>
</node>
<node content="1" id="PCK.ITPA_SHARED.PUB.PROMPTSET.SUDO" name="PCK.ITPA_SHARED.PUB.PROMPTSET.SUDO" parent="PPRPTS" type="PPROMPTSET">
<PROMPTSET name="PCK.ITPA_SHARED.PUB.PROMPTSET.SUDO">
<PRPTBOX promptset="PCK.ITPA_SHARED.PUB.PROMPTSET.SUDO">
<UC4RB_SUDO_PASSWORDs.00 ReadFromTable="OPUD" altview="0" haslist="0" msginsert="" msgnr="" promptname="UC4RB_SUDO_PASSWORD#" promptsetname="PCK.ITPA_SHARED.PUB.PROMPTSET.SUDO">--10</UC4RB_SUDO_PASSWORDs.00>
<UC4RB_SUDO_USERs.00 ReadFromTable="OPUD" altview="0" haslist="0" msginsert="" msgnr="" promptname="UC4RB_SUDO_USER#" promptsetname="PCK.ITPA_SHARED.PUB.PROMPTSET.SUDO"/>
<UC4RB_USE_SUDOs.00 ReadFromTable="OPUD" altview="0" haslist="0" msginsert="" msgnr="" promptname="UC4RB_USE_SUDO#" promptsetname="PCK.ITPA_SHARED.PUB.PROMPTSET.SUDO">None</UC4RB_USE_SUDOs.00>
</PRPTBOX>
</PROMPTSET>
</node>
<node content="1" id="PCK.ITPA_SHARED.PRV.PROMPTSET.OVERWRITE_AGENT" name="PCK.ITPA_SHARED.PRV.PROMPTSET.OVERWRITE_AGENT" parent="PPRPTS" type="PPROMPTSET">
<PROMPTSET name="PCK.ITPA_SHARED.PRV.PROMPTSET.OVERWRITE_AGENT">
<PRPTBOX promptset="PCK.ITPA_SHARED.PRV.PROMPTSET.OVERWRITE_AGENT">
<AGENTs.00 ReadFromTable="OPUD" altview="1" haslist="0" msginsert="" msgnr="" promptname="AGENT#" promptsetname="PCK.ITPA_SHARED.PRV.PROMPTSET.OVERWRITE_AGENT">&amp;AGENT#</AGENTs.00>
<LOGINs.00 ReadFromTable="OPUD" altview="1" haslist="0" msginsert="" msgnr="" promptname="LOGIN#" promptsetname="PCK.ITPA_SHARED.PRV.PROMPTSET.OVERWRITE_AGENT">&amp;LOGIN#</LOGINs.00>
</PRPTBOX>
</PROMPTSET>
</node>
</dyntree>
</dynvalues>
<CIT/>
<calendars CCTypeAll="0" CCTypeExt="0" CCTypeNone="0" CCTypeOne="1" CaleOn="0"/>
<postconditions>
<PostCon>
<conditions id="CONDITIONS"/>
</PostCon>
</postconditions>
</task>
<OPTIONS/>
</JobpStruct>
</JOBP>
<RUNTIME state="1">
<MaxRetCode>0</MaxRetCode>
<MrcExecute/>
<MrcElseE>0</MrcElseE>
<FcstStatus>0| |</FcstStatus>
<Ert>0</Ert>
<ErtMethodDef>1</ErtMethodDef>
<ErtMethodFix>0</ErtMethodFix>
<ErtFix>0</ErtFix>
<ErtDynMethod>2|Average</ErtDynMethod>
<ErtMethodDyn>0</ErtMethodDyn>
<ErtCnt>0</ErtCnt>
<ErtCorr>0</ErtCorr>
<ErtIgn>0</ErtIgn>
<ErtIgnFlg>0</ErtIgnFlg>
<ErtMinCnt>0</ErtMinCnt>
<MrtMethodNone>1</MrtMethodNone>
<MrtMethodFix>0</MrtMethodFix>
<MrtFix>0</MrtFix>
<MrtMethodErt>0</MrtMethodErt>
<MrtErt>0</MrtErt>
<MrtMethodDate>0</MrtMethodDate>
<MrtDays>0</MrtDays>
<MrtTime>00:00</MrtTime>
<MrtTZ/>
<SrtMethodNone>1</SrtMethodNone>
<SrtMethodFix>0</SrtMethodFix>
<SrtFix>0</SrtFix>
<SrtMethodErt>0</SrtMethodErt>
<SrtErt>0</SrtErt>
<MrtCancel>0</MrtCancel>
<MrtExecute>0</MrtExecute>
<MrtExecuteObj/>
</RUNTIME>
<DYNVALUES state="1">
<dyntree>
<node content="1" id="VALUE" name="Variables" parent="" type="VALUE">
<VALUE state="1">
<Values/>
<Mode>1</Mode>
</VALUE>
</node>
<node content="1" id="PCK.AUTOMIC_APACHE_KAFKA.PUB.PROMPTSET.CONNECTION_DETAILS" name="PCK.AUTOMIC_APACHE_KAFKA.PUB.PROMPTSET.CONNECTION_DETAILS" parent="PRPTS" type="PROMPTSET">
<PROMPTSET name="PCK.AUTOMIC_APACHE_KAFKA.PUB.PROMPTSET.CONNECTION_DETAILS" ontop="1">
<PRPTBOX promptset="PCK.AUTOMIC_APACHE_KAFKA.PUB.PROMPTSET.CONNECTION_DETAILS" prptmode="1">
<UC4RB_KFK_BROKERs.00 altview="0" haslist="0"/>
<UC4RB_KFK_SSL_TSTORE_LOCs.00 altview="0" haslist="0"/>
<UC4RB_KFK_SSL_KSTORE_LOCs.00 altview="0" haslist="0"/>
<UC4RB_KFK_SSL_PWDs.00 altview="0" haslist="0">--10</UC4RB_KFK_SSL_PWDs.00>
</PRPTBOX>
</PROMPTSET>
</node>
<node content="1" id="PCK.AUTOMIC_APACHE_KAFKA.PRV.PROMPTSET.SEND_MESSAGE" name="PCK.AUTOMIC_APACHE_KAFKA.PRV.PROMPTSET.SEND_MESSAGE" parent="PRPTS" type="PROMPTSET">
<PROMPTSET name="PCK.AUTOMIC_APACHE_KAFKA.PRV.PROMPTSET.SEND_MESSAGE" ontop="1">
<PRPTBOX promptset="PCK.AUTOMIC_APACHE_KAFKA.PRV.PROMPTSET.SEND_MESSAGE" prptmode="1"/>
</PROMPTSET>
</node>
<node content="1" id="PCK.ITPA_SHARED.PUB.PROMPTSET.SUDO" name="PCK.ITPA_SHARED.PUB.PROMPTSET.SUDO" parent="PRPTS" type="PROMPTSET">
<PROMPTSET name="PCK.ITPA_SHARED.PUB.PROMPTSET.SUDO" ontop="1">
<PRPTBOX promptset="PCK.ITPA_SHARED.PUB.PROMPTSET.SUDO" prptmode="1">
<UC4RB_SUDO_PASSWORDs.00 altview="0" haslist="0">--10</UC4RB_SUDO_PASSWORDs.00>
<UC4RB_USE_SUDOs.00 altview="0" haslist="0">None</UC4RB_USE_SUDOs.00>
<UC4RB_SUDO_USERs.00 altview="0" haslist="0"/>
</PRPTBOX>
</PROMPTSET>
</node>
<node content="1" id="PCK.ITPA_SHARED.PRV.PROMPTSET.OVERWRITE_AGENT" name="PCK.ITPA_SHARED.PRV.PROMPTSET.OVERWRITE_AGENT" parent="PRPTS" type="PROMPTSET">
<PROMPTSET name="PCK.ITPA_SHARED.PRV.PROMPTSET.OVERWRITE_AGENT" ontop="1">
<PRPTBOX promptset="PCK.ITPA_SHARED.PRV.PROMPTSET.OVERWRITE_AGENT" prptmode="1">
<AGENTs.00 altview="1" haslist="0">&amp;AGENT#</AGENTs.00>
<LOGINs.00 altview="1" haslist="0">&amp;LOGIN#</LOGINs.00>
</PRPTBOX>
</PROMPTSET>
</node>
</dyntree>
</DYNVALUES>
<DEPLOYMENT state="1">
<DeploymentFlag>0</DeploymentFlag>
<WFTypeA>1</WFTypeA>
<WFTypeC>0</WFTypeC>
<AppName/>
<WFName/>
<ComponentName/>
</DEPLOYMENT>
<ROLLBACK state="1">
<RollbackFlag>0</RollbackFlag>
<CBackupObj/>
<CRollbackObj/>
<FBackupPath/>
<FDeleteBefore>0</FDeleteBefore>
<FInclSubDirs>0</FInclSubDirs>
</ROLLBACK>
<SCRIPT mode="1" state="1">
<MSCRI/>
</SCRIPT>
<DOCU_Docu state="1" type="text">
<DOC><![CDATA[= Action name =
PCK.AUTOMIC_APACHE_KAFKA.PUB.ACTION.SEND_MESSAGE

= General description =
This action sends a message to the Kafka broker.

= Inputs =
- Topic*: 	        Provide topic to use for sending a message. E.g. demoTopic
- Message*: 	        Provide a message to send to the Broker.
- Retry Count: 	 	Specify the number of retries of message sending fails on the first try. Default 5

Note: A topic is created if does not exist.

= Behavior =
* If SSL is enabled, provide the required ssl parameters

=Return Value=
(none)

= Outputs =
* Return code is 0 in case of success.
* Return code is non-zero in case of failure.

= Rollback =
(none)

= Logging =
AE logs will be displayed in the AE report.

]]></DOC>
</DOCU_Docu>
</JOBP>
<JOBS_UNIX AttrType="UNIX" name="PCK.AUTOMIC_APACHE_KAFKA.PRV.JOB.SEND_MESSAGE@UNIX">
<XHEADER state="1">
<Title>Send Message</Title>
<ArchiveKey1/>
<ArchiveKey2/>
<Active>1</Active>
<OH_SubType/>
<CustomAttributes KeyListID="0" dataRequestID="0"/>
</XHEADER>
<OUTPUTREG state="1">
<FileReg/>
</OUTPUTREG>
<SYNCREF state="1">
<Syncs/>
</SYNCREF>
<ATTR_JOBS state="1">
<Queue>CLIENT_QUEUE</Queue>
<StartType/>
<HostDst>|&lt;UNIX&gt;|HOST</HostDst>
<HostATTR_Type>UNIX</HostATTR_Type>
<CodeName/>
<Login/>
<IntAccount/>
<ExtRepDef>1</ExtRepDef>
<ExtRepAll>0</ExtRepAll>
<ExtRepNone>0</ExtRepNone>
<AutoDeactNo>0</AutoDeactNo>
<AutoDeact1ErrorFree>0</AutoDeact1ErrorFree>
<AutoDeactErrorFree>1</AutoDeactErrorFree>
<DeactWhen>ANY_OK</DeactWhen>
<DeactDelay>0</DeactDelay>
<AutoDeactAlways>0</AutoDeactAlways>
<AttDialog>0</AttDialog>
<ActAtRun>1</ActAtRun>
<Consumption>0</Consumption>
<UC4Priority>0</UC4Priority>
<MaxParallel2>0</MaxParallel2>
<MpElse1>1</MpElse1>
<MpElse2>0</MpElse2>
<TZ/>
</ATTR_JOBS>
<ATTR_UNIX state="1">
<OutputDb>1</OutputDb>
<OutputDbErr>0</OutputDbErr>
<OutputFile>0</OutputFile>
<ShellScript>1</ShellScript>
<Command>0</Command>
<Priority>0</Priority>
<Shell>-bash</Shell>
<ShellOptions/>
<Com/>
</ATTR_UNIX>
<RUNTIME state="1">
<MaxRetCode>0</MaxRetCode>
<MrcExecute/>
<MrcElseE>0</MrcElseE>
<FcstStatus>0| |</FcstStatus>
<Ert>0</Ert>
<ErtMethodDef>1</ErtMethodDef>
<ErtMethodFix>0</ErtMethodFix>
<ErtFix>0</ErtFix>
<ErtDynMethod>2|Average</ErtDynMethod>
<ErtMethodDyn>0</ErtMethodDyn>
<ErtCnt>0</ErtCnt>
<ErtCorr>0</ErtCorr>
<ErtIgn>0</ErtIgn>
<ErtIgnFlg>0</ErtIgnFlg>
<ErtMinCnt>0</ErtMinCnt>
<MrtMethodNone>1</MrtMethodNone>
<MrtMethodFix>0</MrtMethodFix>
<MrtFix>0</MrtFix>
<MrtMethodErt>0</MrtMethodErt>
<MrtErt>0</MrtErt>
<MrtMethodDate>0</MrtMethodDate>
<MrtDays>0</MrtDays>
<MrtTime>00:00</MrtTime>
<MrtTZ/>
<SrtMethodNone>1</SrtMethodNone>
<SrtMethodFix>0</SrtMethodFix>
<SrtFix>0</SrtFix>
<SrtMethodErt>0</SrtMethodErt>
<SrtErt>0</SrtErt>
<MrtCancel>0</MrtCancel>
<MrtExecute>0</MrtExecute>
<MrtExecuteObj/>
</RUNTIME>
<DYNVALUES state="1">
<dyntree>
<node content="1" id="VALUE" name="Variables" parent="" type="VALUE">
<VALUE state="1">
<Values/>
<Mode>0</Mode>
</VALUE>
</node>
</dyntree>
</DYNVALUES>
<ROLLBACK state="1">
<RollbackFlag>0</RollbackFlag>
<CBackupObj/>
<CRollbackObj/>
<FBackupPath/>
<FDeleteBefore>0</FDeleteBefore>
<FInclSubDirs>0</FInclSubDirs>
</ROLLBACK>
<PRE_SCRIPT mode="1" replacementmode="1" state="1">
<PSCRI><![CDATA[:INC PCK.ITPA_SHARED.PUB.INCLUDE.START_STOP_JOB_ACCORDING_TO_AGENT_OS]]></PSCRI>
</PRE_SCRIPT>
<SCRIPT mode="1" state="1">
<MSCRI><![CDATA[: DEFINE &STRING_ARR#, string, 30
: INC PCK.ITPA_SHARED.PUB.INCLUDE.SUDOERS_HEADER

! ------------- Building java arguments -----------------------------------------------------------------------------------
: INC PCK.ITPA_SHARED.PRV.INCLUDE.LOGGING.HEADER.EXECUTION
: INC PCK.AUTOMIC_APACHE_KAFKA.PUB.INCLUDE.ATTACH_RESOURCE

! Define action specific java options and values
: SET &ACTION_NAME# = "SendMessageAction"

: INC PCK.AUTOMIC_APACHE_KAFKA.PUB.INCLUDE.PREPARE_JAVA_COMMAND@UNIX

! Topic	
: SET &UC4RB_ESCAPED_STRING# = &UC4RB_KFK_TOPIC#
: INC PCK.AUTOMIC_APACHE_KAFKA.PUB.INCLUDE.ESCAPE_ARG_VALUE@UNIX
: SET &UC4RB_KFK_CMD# = STR_CAT(&UC4RB_KFK_CMD#, " -topic &UC4RB_ESCAPED_STRING#")

! Message
: SET &UC4RB_ESCAPED_STRING# = &UC4RB_KFK_MESSAGE#
: INC PCK.AUTOMIC_APACHE_KAFKA.PUB.INCLUDE.ESCAPE_ARG_VALUE@UNIX
: SET &UC4RB_KFK_CMD# = STR_CAT(&UC4RB_KFK_CMD#, " -message &UC4RB_ESCAPED_STRING#")

! Retry Count	
: SET &UC4RB_KFK_CMD# = STR_CAT(&UC4RB_KFK_CMD#, " -retrycount &UC4RB_KFK_RETRY_COUNT#")


: PRINT &UC4RB_KFK_CMD#

&UC4RB_KFK_CMD#

! Status messages
: SET &UC4RB_LOGGING_INFO# = "******** SEND MESSAGE ACTION EXECUTED SUCCESSFULLY ********"
: SET &UC4RB_LOGGING_ERROR# = "******** SEND MESSAGE ACTION FAILED ********"

! ----------- Error Handling -----------------------------------------------------------------------------------------------------

: INC PCK.AUTOMIC_APACHE_KAFKA.PUB.INCLUDE.CHECK_JOBSTATUS@UNIX
: INC PCK.ITPA_SHARED.PUB.INCLUDE.SUDOERS_FOOTER]]></MSCRI>
</SCRIPT>
<OUTPUTSCAN state="1">
<Inherit>N</Inherit>
<filterobjects/>
<HostFsc/>
<LoginFsc/>
</OUTPUTSCAN>
<POST_SCRIPT mode="1" replacementmode="1" state="1">
<OSCRI/>
</POST_SCRIPT>
<DOCU_Docu state="1" type="text">
<DOC/>
</DOCU_Docu>
</JOBS_UNIX>
<JOBS_WINDOWS AttrType="WINDOWS" name="PCK.AUTOMIC_APACHE_KAFKA.PRV.JOB.SEND_MESSAGE@WINDOWS">
<XHEADER state="1">
<Title>Send Message</Title>
<ArchiveKey1/>
<ArchiveKey2/>
<Active>1</Active>
<OH_SubType/>
<CustomAttributes KeyListID="0" dataRequestID="0"/>
</XHEADER>
<OUTPUTREG state="1">
<FileReg/>
</OUTPUTREG>
<SYNCREF state="1">
<Syncs/>
</SYNCREF>
<ATTR_JOBS state="1">
<Queue>CLIENT_QUEUE</Queue>
<StartType/>
<HostDst>|&lt;WIN&gt;|HOST</HostDst>
<HostATTR_Type>WINDOWS</HostATTR_Type>
<CodeName/>
<Login/>
<IntAccount/>
<ExtRepDef>1</ExtRepDef>
<ExtRepAll>0</ExtRepAll>
<ExtRepNone>0</ExtRepNone>
<AutoDeactNo>0</AutoDeactNo>
<AutoDeact1ErrorFree>0</AutoDeact1ErrorFree>
<AutoDeactErrorFree>1</AutoDeactErrorFree>
<DeactWhen>ANY_OK</DeactWhen>
<DeactDelay>0</DeactDelay>
<AutoDeactAlways>0</AutoDeactAlways>
<AttDialog>0</AttDialog>
<ActAtRun>1</ActAtRun>
<Consumption>0</Consumption>
<UC4Priority>0</UC4Priority>
<MaxParallel2>0</MaxParallel2>
<MpElse1>1</MpElse1>
<MpElse2>0</MpElse2>
<TZ/>
</ATTR_JOBS>
<ATTR_WINDOWS state="1">
<OutputDb>1</OutputDb>
<OutputDbErr>0</OutputDbErr>
<OutputFile>0</OutputFile>
<IsGenerated>0</IsGenerated>
<BAT>1</BAT>
<COM>0</COM>
<WinBatch>0</WinBatch>
<Standard>1</Standard>
<Minimized>0</Minimized>
<Maximized>0</Maximized>
<JObjDefault>1</JObjDefault>
<JObjYes>0</JObjYes>
<JObjNo>0</JObjNo>
<WorkingDirectory>c:\</WorkingDirectory>
<Command/>
<LogOn>0</LogOn>
<ShowJob>0</ShowJob>
</ATTR_WINDOWS>
<RUNTIME state="1">
<MaxRetCode>0</MaxRetCode>
<MrcExecute/>
<MrcElseE>0</MrcElseE>
<FcstStatus>0| |</FcstStatus>
<Ert>0</Ert>
<ErtMethodDef>1</ErtMethodDef>
<ErtMethodFix>0</ErtMethodFix>
<ErtFix>0</ErtFix>
<ErtDynMethod>2|Average</ErtDynMethod>
<ErtMethodDyn>0</ErtMethodDyn>
<ErtCnt>0</ErtCnt>
<ErtCorr>0</ErtCorr>
<ErtIgn>0</ErtIgn>
<ErtIgnFlg>0</ErtIgnFlg>
<ErtMinCnt>0</ErtMinCnt>
<MrtMethodNone>1</MrtMethodNone>
<MrtMethodFix>0</MrtMethodFix>
<MrtFix>0</MrtFix>
<MrtMethodErt>0</MrtMethodErt>
<MrtErt>0</MrtErt>
<MrtMethodDate>0</MrtMethodDate>
<MrtDays>0</MrtDays>
<MrtTime>00:00</MrtTime>
<MrtTZ/>
<SrtMethodNone>1</SrtMethodNone>
<SrtMethodFix>0</SrtMethodFix>
<SrtFix>0</SrtFix>
<SrtMethodErt>0</SrtMethodErt>
<SrtErt>0</SrtErt>
<MrtCancel>0</MrtCancel>
<MrtExecute>0</MrtExecute>
<MrtExecuteObj/>
</RUNTIME>
<DYNVALUES state="1">
<dyntree>
<node content="1" id="VALUE" name="Variables" parent="" type="VALUE">
<VALUE state="1">
<Values/>
<Mode>0</Mode>
</VALUE>
</node>
</dyntree>
</DYNVALUES>
<ROLLBACK state="1">
<RollbackFlag>0</RollbackFlag>
<CBackupObj/>
<CRollbackObj/>
<FBackupPath/>
<FDeleteBefore>0</FDeleteBefore>
<FInclSubDirs>0</FInclSubDirs>
</ROLLBACK>
<PRE_SCRIPT mode="1" replacementmode="1" state="1">
<PSCRI><![CDATA[:INC PCK.ITPA_SHARED.PUB.INCLUDE.START_STOP_JOB_ACCORDING_TO_AGENT_OS]]></PSCRI>
</PRE_SCRIPT>
<SCRIPT mode="1" state="1">
<MSCRI><![CDATA[@echo off

! ---------------------------------- Building java arguments ---------------------------------------------------
: INC PCK.AUTOMIC_APACHE_KAFKA.PUB.INCLUDE.ATTACH_RESOURCE

! Define action specific java options and values
: SET &ACTION_NAME# = "SendMessageAction"

: INC PCK.AUTOMIC_APACHE_KAFKA.PUB.INCLUDE.PREPARE_JAVA_COMMAND@WIN

! Topic	
: SET &UC4RB_ESCAPED_STRING# = &UC4RB_KFK_TOPIC#
: INC PCK.AUTOMIC_APACHE_KAFKA.PUB.INCLUDE.ESCAPE_ARG_VALUE@WIN
: SET &UC4RB_KFK_CMD# = STR_CAT(&UC4RB_KFK_CMD#, " -topic &UC4RB_ESCAPED_STRING#")

! Message
: SET &UC4RB_ESCAPED_STRING# = &UC4RB_KFK_MESSAGE#
: INC PCK.AUTOMIC_APACHE_KAFKA.PUB.INCLUDE.ESCAPE_ARG_VALUE@WIN
: SET &UC4RB_KFK_CMD# = STR_CAT(&UC4RB_KFK_CMD#, " -message &UC4RB_ESCAPED_STRING#")

! Retry Count	
: SET &UC4RB_KFK_CMD# = STR_CAT(&UC4RB_KFK_CMD#, " -retrycount &UC4RB_KFK_RETRY_COUNT#")

: PRINT &UC4RB_KFK_CMD#

&UC4RB_KFK_CMD#

! Status messages
: SET &UC4RB_LOGGING_INFO# = "******** SEND MESSAGE ACTION EXECUTED SUCCESSFULLY ********"
: SET &UC4RB_LOGGING_ERROR# = "******** SEND MESSAGE ACTION FAILED ********"

! ------------------------------------------ ERROR HANDLING ----------------------------------------------------
: INC PCK.AUTOMIC_APACHE_KAFKA.PUB.INCLUDE.CHECK_JOBSTATUS@WIN]]></MSCRI>
</SCRIPT>
<OUTPUTSCAN state="1">
<Inherit>N</Inherit>
<filterobjects/>
<HostFsc/>
<LoginFsc/>
</OUTPUTSCAN>
<POST_SCRIPT mode="1" replacementmode="1" state="1">
<OSCRI/>
</POST_SCRIPT>
<DOCU_Docu state="1" type="text">
<DOC/>
</DOCU_Docu>
</JOBS_WINDOWS>
<PRPT name="PCK.AUTOMIC_APACHE_KAFKA.PRV.PROMPTSET.SEND_MESSAGE">
<HEADER state="1">
<Title>Send Message</Title>
<ArchiveKey1/>
<ArchiveKey2/>
<OH_SubType/>
</HEADER>
<PROMPTDESIGNER state="1">
<DESIGNER/>
</PROMPTDESIGNER>
<PROMPTSETXUI state="1">
<XUIEDITOR><![CDATA[<dialog height="424" icon="PRPT" id="PRPTS" left="279" top="4" width="441"><readpanel fill="b" id="PRPTBOX" nl="1" scroll="v" text="Send Message"><properties><entry name="text">Send Message</entry><entry name="modifiable">0</entry></properties><text enabled="1" fill="b" focus="0" id="UC4RB_KFK_TOPICs.00" inputassistance="0" len="" multiline="0" multilineIcon="0" nl="1" separator=";" showaspassword="0" text="Topic" tooltip="Provide topic to use for sending a message." upper="0" required="0" alt="1" regex=""><oninputassistant><command request="_internal" target="_view" targetaction="setAttribute" targetparam="promptname|@id"/><command request="_internal" target="_view" targetaction="setAttribute" targetparam="promptvalue|@value"/><command owner="_promptsetcontainer" owneraction="getData" request="getpromptinputassistance" target="_chainwindow"/></oninputassistant><properties><entry listparam="C" name="reference" reftype="STATIC">UC_DATATYPE_STRING</entry><entry name="text">Topic</entry><entry name="multiselect">0</entry><entry name="separator">;</entry><entry name="len"/><entry name="quotes"/><entry name="id">UC4RB_KFK_TOPICs.00</entry><entry name="inputassistance">0</entry><entry name="enabled">0</entry><entry name="upper">0</entry><entry name="focus">0</entry><entry name="showaspassword">0</entry><entry name="tooltip">Provide topic to use for sending a message.</entry><entry name="customfield"/><entry name="xmlkey"/><entry name="xmlpath"/><entry name="modifiable">1</entry><entry name="multiline">0</entry><entry name="multilineIcon">0</entry><entry name="required">1</entry><entry name="regex"/><entry name="initvalue"/><entry name="onchangereset"/><entry name="resetable">1</entry></properties></text><text enabled="1" fill="b" focus="0" id="UC4RB_KFK_MESSAGEs.00" inputassistance="0" len="" multiline="0" multilineIcon="0" nl="1" separator=";" showaspassword="0" text="Message" tooltip="Provide a message to send to the Broker." upper="0" required="0" alt="1" regex=""><oninputassistant><command request="_internal" target="_view" targetaction="setAttribute" targetparam="promptname|@id"/><command request="_internal" target="_view" targetaction="setAttribute" targetparam="promptvalue|@value"/><command owner="_promptsetcontainer" owneraction="getData" request="getpromptinputassistance" target="_chainwindow"/></oninputassistant><properties><entry listparam="C" name="reference" reftype="STATIC">UC_DATATYPE_STRING</entry><entry name="text">Message</entry><entry name="multiselect">0</entry><entry name="separator">;</entry><entry name="len"/><entry name="quotes"/><entry name="id">UC4RB_KFK_MESSAGEs.00</entry><entry name="inputassistance">0</entry><entry name="enabled">0</entry><entry name="upper">0</entry><entry name="focus">0</entry><entry name="showaspassword">0</entry><entry name="tooltip">Provide a message to send to the Broker.</entry><entry name="customfield"/><entry name="xmlkey"/><entry name="xmlpath"/><entry name="modifiable">1</entry><entry name="multiline">0</entry><entry name="multilineIcon">0</entry><entry name="required">1</entry><entry name="regex"/><entry name="initvalue"/><entry name="onchangereset"/><entry name="resetable">1</entry></properties></text><integer enabled="1" fill="b" focus="0" id="UC4RB_KFK_RETRY_COUNTs.00" max="" min="0" nl="1" text="Retry Count&#9;" tooltip="Specify the number of retries of message sending fails on the first try." alt="1"><properties><entry listparam="N" name="reference" reftype="STATIC">UC_DATATYPE_NUMERIC</entry><entry name="text">Retry Count	</entry><entry name="min">0</entry><entry name="max"/><entry name="quotes"/><entry name="id">UC4RB_KFK_RETRY_COUNTs.00</entry><entry name="enabled">0</entry><entry name="focus">0</entry><entry name="tooltip">Specify the number of retries of message sending fails on the first try.</entry><entry name="customfield"/><entry name="modifiable">1</entry><entry name="initvalue">0</entry></properties></integer></readpanel></dialog>]]></XUIEDITOR>
</PROMPTSETXUI>
<PROMPTSETDATA state="1">
<DATAEDITOR><![CDATA[<PRPTS ontop="1"><PRPTBOX><UC4RB_KFK_TOPICs.00 haslist="0" msgnr="-1" msginsert="" altview="0" promptname="UC4RB_KFK_TOPIC#" ReadFromTable="OPSE"></UC4RB_KFK_TOPICs.00><UC4RB_KFK_MESSAGEs.00 haslist="0" msgnr="-1" msginsert="" altview="0" promptname="UC4RB_KFK_MESSAGE#" ReadFromTable="OPSE"></UC4RB_KFK_MESSAGEs.00><UC4RB_KFK_RETRY_COUNTs.00 haslist="0" msgnr="-1" msginsert="" altview="0" promptname="UC4RB_KFK_RETRY_COUNT#" ReadFromTable="OPSE">5</UC4RB_KFK_RETRY_COUNTs.00></PRPTBOX></PRPTS>]]></DATAEDITOR>
</PROMPTSETDATA>
<DOCU_Docu state="1" type="text">
<DOC/>
</DOCU_Docu>
</PRPT>
<JOBI name="PCK.AUTOMIC_APACHE_KAFKA.PUB.INCLUDE.ESCAPE_ARG_VALUE@WIN">
<HEADER state="1">
<Title>Escape Args</Title>
<ArchiveKey1/>
<ArchiveKey2/>
<OH_SubType/>
</HEADER>
<SCRIPT mode="1" state="1">
<MSCRI><![CDATA[! We escape characters based on Platform for java Strings

! Removes empty spaces at the beginning and the end of a string
: SET &UC4RB_ESCAPED_STRING# = STR_TRIM(&UC4RB_ESCAPED_STRING#)

: SET &UC4RB_ESCAPED_STRING# = STR_SUB(&UC4RB_ESCAPED_STRING#, "%", "%%")


! Escape double-quotes
: SET &UC4RB_ESCAPED_STRING# = STR_SUB(&UC4RB_ESCAPED_STRING#, '"', '\"')

! then we add double-quotes to String to preserve spaces in value
: SET &UC4RB_ESCAPED_STRING# = STR_CAT('"', &UC4RB_ESCAPED_STRING#)
: SET &UC4RB_ESCAPED_STRING# = STR_CAT(&UC4RB_ESCAPED_STRING#, '"')]]></MSCRI>
</SCRIPT>
<DOCU_Docu state="1" type="text">
<DOC><![CDATA[It escapes the input parameters and wrap the parameter surrounded by quotes(").]]></DOC>
</DOCU_Docu>
</JOBI>
<JOBI name="PCK.AUTOMIC_APACHE_KAFKA.PUB.INCLUDE.PREPARE_JAVA_COMMAND@UNIX">
<HEADER state="1">
<Title>Prepare Command</Title>
<ArchiveKey1/>
<ArchiveKey2/>
<OH_SubType/>
</HEADER>
<SCRIPT mode="1" state="1">
<MSCRI><![CDATA[! Build java arguments
: SET &UC4RB_KFK_CMD# = 'java -jar "&UC4RB_KFK_PATH_JAR#"'
: SET &UC4RB_KFK_CMD# = STR_CAT(&UC4RB_KFK_CMD#, " -action &ACTION_NAME#")

! Broker Address	
: SET &UC4RB_ESCAPED_STRING# = &UC4RB_KFK_BROKER#
: INC PCK.AUTOMIC_APACHE_KAFKA.PUB.INCLUDE.ESCAPE_ARG_VALUE@UNIX
: SET &UC4RB_KFK_CMD# = STR_CAT(&UC4RB_KFK_CMD#, " -brokradd &UC4RB_ESCAPED_STRING#")

! SSL
: SET &UC4RB_KFK_CMD# = STR_CAT(&UC4RB_KFK_CMD#, " -ssl &UC4RB_KFK_SSL#")

! SSL Truststore Location	
: IF &UC4RB_KFK_SSL_TSTORE_LOC# NE ""
:   SET &UC4RB_ESCAPED_STRING# = &UC4RB_KFK_SSL_TSTORE_LOC#
:   INC PCK.AUTOMIC_APACHE_KAFKA.PUB.INCLUDE.ESCAPE_ARG_VALUE@UNIX
:   SET  &UC4RB_KFK_CMD#  = STR_CAT( &UC4RB_KFK_CMD# , " -tstoreloc &UC4RB_ESCAPED_STRING#")
: ENDIF

! SSL Keystore Location	
: IF &UC4RB_KFK_SSL_KSTORE_LOC# NE ""
:   SET &UC4RB_ESCAPED_STRING# = &UC4RB_KFK_SSL_KSTORE_LOC#
:   INC PCK.AUTOMIC_APACHE_KAFKA.PUB.INCLUDE.ESCAPE_ARG_VALUE@UNIX
:   SET  &UC4RB_KFK_CMD#  = STR_CAT( &UC4RB_KFK_CMD# , " -kstoreloc &UC4RB_ESCAPED_STRING#")
: ENDIF

: INC PCK.ITPA_SHARED.PUB.INCLUDE.ATTACH

!   Password is decrypted
: IF &UC4RB_KFK_SSL_TSTORE_PWD# <> "--10" OR ""
:   SET &UC4RB_ENCRYPTED_PASSWORD_TMP# = "&UC4RB_KFK_SSL_TSTORE_PWD#"
:   INC PCK.ITPA_SHARED.PRV.INCLUDE.DECRYPT_PASSWORD
    SSL_TSTORE_PWD=$UC4_DECRYPTED_PWD
    export SSL_TSTORE_PWD
: ENDIF

!   Password is decrypted
: IF &UC4RB_KFK_SSL_KSTORE_PWD# <> "--10" OR ""
:   SET &UC4RB_ENCRYPTED_PASSWORD_TMP# = "&UC4RB_KFK_SSL_KSTORE_PWD#"
:   INC PCK.ITPA_SHARED.PRV.INCLUDE.DECRYPT_PASSWORD
    SSL_KSTORE_PWD=$UC4_DECRYPTED_PWD
    export SSL_KSTORE_PWD
: ENDIF

!   Password is decrypted
: IF &UC4RB_KFK_SSL_PWD# <> "--10" OR ""
:   SET &UC4RB_ENCRYPTED_PASSWORD_TMP# = "&UC4RB_KFK_SSL_PWD#"
:   INC PCK.ITPA_SHARED.PRV.INCLUDE.DECRYPT_PASSWORD
    SSL_PWD=$UC4_DECRYPTED_PWD
    export SSL_PWD
: ENDIF

: INC PCK.AUTOMIC_APACHE_KAFKA.PUB.INCLUDE.LOAD_CONFIGURATIONS
]]></MSCRI>
</SCRIPT>
<DOCU_Docu state="1" type="text">
<DOC/>
</DOCU_Docu>
</JOBI>
<JOBI name="PCK.AUTOMIC_APACHE_KAFKA.PUB.INCLUDE.PREPARE_JAVA_COMMAND@WIN">
<HEADER state="1">
<Title>Prepare Command</Title>
<ArchiveKey1/>
<ArchiveKey2/>
<OH_SubType/>
</HEADER>
<SCRIPT mode="1" state="1">
<MSCRI><![CDATA[! Build java arguments
: SET &UC4RB_KFK_CMD# = 'java -jar "&UC4RB_KFK_PATH_JAR#"'
: SET &UC4RB_KFK_CMD# = STR_CAT(&UC4RB_KFK_CMD#, " -action &ACTION_NAME#")

! Broker Address	
: SET &UC4RB_ESCAPED_STRING# = &UC4RB_KFK_BROKER#
: INC PCK.AUTOMIC_APACHE_KAFKA.PUB.INCLUDE.ESCAPE_ARG_VALUE@WIN
: SET &UC4RB_KFK_CMD# = STR_CAT(&UC4RB_KFK_CMD#, " -brokradd &UC4RB_ESCAPED_STRING#")

! SSL
: SET &UC4RB_KFK_CMD# = STR_CAT(&UC4RB_KFK_CMD#, " -ssl &UC4RB_KFK_SSL#")

! SSL Truststore Location	
: IF &UC4RB_KFK_SSL_TSTORE_LOC# NE ""
:   SET &UC4RB_ESCAPED_STRING# = &UC4RB_KFK_SSL_TSTORE_LOC#
:   INC PCK.AUTOMIC_APACHE_KAFKA.PUB.INCLUDE.ESCAPE_ARG_VALUE@WIN
:   SET  &UC4RB_KFK_CMD#  = STR_CAT( &UC4RB_KFK_CMD# , " -tstoreloc &UC4RB_ESCAPED_STRING#")
: ENDIF

! SSL Keystore Location	
: IF &UC4RB_KFK_SSL_KSTORE_LOC# NE ""
:   SET &UC4RB_ESCAPED_STRING# = &UC4RB_KFK_SSL_KSTORE_LOC#
:   INC PCK.AUTOMIC_APACHE_KAFKA.PUB.INCLUDE.ESCAPE_ARG_VALUE@WIN
:   SET  &UC4RB_KFK_CMD#  = STR_CAT( &UC4RB_KFK_CMD# , " -kstoreloc &UC4RB_ESCAPED_STRING#")
: ENDIF

: INC PCK.ITPA_SHARED.PUB.INCLUDE.ATTACH

!   Password is decrypted
: IF &UC4RB_KFK_SSL_TSTORE_PWD# <> "--10" OR ""
:   SET &UC4RB_ENCRYPTED_PASSWORD_TMP# = "&UC4RB_KFK_SSL_TSTORE_PWD#"
:   INC PCK.ITPA_SHARED.PRV.INCLUDE.DECRYPT_PASSWORD
    set SSL_TSTORE_PWD=%UC4_DECRYPTED_PWD%
: ENDIF

!   Password is decrypted
: IF &UC4RB_KFK_SSL_KSTORE_PWD# <> "--10" OR ""
:   SET &UC4RB_ENCRYPTED_PASSWORD_TMP# = "&UC4RB_KFK_SSL_KSTORE_PWD#"
:   INC PCK.ITPA_SHARED.PRV.INCLUDE.DECRYPT_PASSWORD
    set SSL_KSTORE_PWD=%UC4_DECRYPTED_PWD%
: ENDIF

!   Password is decrypted
: IF &UC4RB_KFK_SSL_PWD# <> "--10" OR ""
:   SET &UC4RB_ENCRYPTED_PASSWORD_TMP# = "&UC4RB_KFK_SSL_PWD#"
:   INC PCK.ITPA_SHARED.PRV.INCLUDE.DECRYPT_PASSWORD
    set SSL_PWD=%UC4_DECRYPTED_PWD%
: ENDIF

: INC PCK.AUTOMIC_APACHE_KAFKA.PUB.INCLUDE.LOAD_CONFIGURATIONS]]></MSCRI>
</SCRIPT>
<DOCU_Docu state="1" type="text">
<DOC/>
</DOCU_Docu>
</JOBI>
<JOBI name="PCK.AUTOMIC_APACHE_KAFKA.PUB.INCLUDE.ATTACH_RESOURCE">
<HEADER state="1">
<Title>Attach Resource</Title>
<ArchiveKey1/>
<ArchiveKey2/>
<OH_SubType/>
</HEADER>
<SCRIPT mode="1" state="1">
<MSCRI><![CDATA[:ATTACH_RES "PCK.AUTOMIC_APACHE_KAFKA.PRV.STORE" ,"KAFKATOOL", C, N

! Setting jar class path into variable
:SET &UC4RB_KFK_PATH_JAR#= STR_CAT(&$AGENT_RESOURCES_CLIENT#,"kafka-tool.jar")]]></MSCRI>
</SCRIPT>
<DOCU_Docu state="1" type="text">
<DOC/>
</DOCU_Docu>
</JOBI>
<JOBI name="PCK.AUTOMIC_APACHE_KAFKA.PUB.INCLUDE.CHECK_JOBSTATUS@UNIX">
<HEADER state="1">
<Title>Job Status</Title>
<ArchiveKey1/>
<ArchiveKey2/>
<OH_SubType/>
</HEADER>
<SCRIPT mode="1" state="1">
<MSCRI><![CDATA[!Error handling
execcode=$?
if [ $execcode -eq 0 ]
then
:  INC PCK.ITPA_SHARED.PRV.INCLUDE.LOGGING.INFO
else
:  INC PCK.ITPA_SHARED.PRV.INCLUDE.LOGGING.ERROR
fi
if [ "$execcode" -ne "0" ]
then
    exit $execcode
fi]]></MSCRI>
</SCRIPT>
<DOCU_Docu state="1" type="text">
<DOC/>
</DOCU_Docu>
</JOBI>
<JOBI name="PCK.AUTOMIC_APACHE_KAFKA.PUB.INCLUDE.CHECK_JOBSTATUS@WIN">
<HEADER state="1">
<Title>Job Status</Title>
<ArchiveKey1/>
<ArchiveKey2/>
<OH_SubType/>
</HEADER>
<SCRIPT mode="1" state="1">
<MSCRI><![CDATA[!Error handling
IF %ERRORLEVEL% EQU 0 (
:INC PCK.ITPA_SHARED.PRV.INCLUDE.LOGGING.INFO
)ELSE (
:INC PCK.ITPA_SHARED.PRV.INCLUDE.LOGGING.ERROR
)
:INC PCK.ITPA_SHARED.PRV.INCLUDE.CHECK_CMDLINE_CMD@WINDOWS]]></MSCRI>
</SCRIPT>
<DOCU_Docu state="1" type="text">
<DOC/>
</DOCU_Docu>
</JOBI>
<JOBI name="PCK.AUTOMIC_APACHE_KAFKA.PUB.INCLUDE.ESCAPE_ARG_VALUE@UNIX">
<HEADER state="1">
<Title>Escape Args</Title>
<ArchiveKey1/>
<ArchiveKey2/>
<OH_SubType/>
</HEADER>
<SCRIPT mode="1" state="1">
<MSCRI><![CDATA[! We escape characters based on Platform for java Strings

! Removes empty spaces at the beginning and the end of a string
: SET &UC4RB_ESCAPED_STRING# = STR_TRIM(&UC4RB_ESCAPED_STRING#)

: SET &UC4RB_ESCAPED_STRING# = STR_SUB(&UC4RB_ESCAPED_STRING#, "\", "\\")
: SET &UC4RB_ESCAPED_STRING# = STR_SUB(&UC4RB_ESCAPED_STRING#, "$", "\$")
: SET &UC4RB_ESCAPED_STRING# = STR_SUB(&UC4RB_ESCAPED_STRING#, "`", "\`")

! Escape double-quotes
: SET &UC4RB_ESCAPED_STRING# = STR_SUB(&UC4RB_ESCAPED_STRING#, '"', '\"')

! then we add double-quotes to String to preserve spaces in value
: SET &UC4RB_ESCAPED_STRING# = STR_CAT('"', &UC4RB_ESCAPED_STRING#)
: SET &UC4RB_ESCAPED_STRING# = STR_CAT(&UC4RB_ESCAPED_STRING#, '"')]]></MSCRI>
</SCRIPT>
<DOCU_Docu state="1" type="text">
<DOC/>
</DOCU_Docu>
</JOBI>
<JOBI name="PCK.AUTOMIC_APACHE_KAFKA.PUB.INCLUDE.LOAD_CONFIGURATIONS">
<HEADER state="1">
<Title>Load Configuration</Title>
<ArchiveKey1/>
<ArchiveKey2/>
<OH_SubType/>
</HEADER>
<SCRIPT mode="1" state="1">
<MSCRI><![CDATA[:SET &VARA_OBJ_CONFIG# = "PCK.AUTOMIC_APACHE_KAFKA.PUB.INCLUDE.CONFIGURATIONS"
:SET &UC4RB_BUFFER_MEMORY# = GET_VAR(&VARA_OBJ_CONFIG#, "BUFFER_MEMORY")
:SET &UC4RB_BATCH_SIZE# = GET_VAR(&VARA_OBJ_CONFIG#, "BATCH_SIZE")

: IF &$PLATFORM# EQ "WINDOWS"
    SET ENV_BUFFER_MEMORY=&UC4RB_BUFFER_MEMORY#
    SET ENV_BATCH_SIZE=&UC4RB_BATCH_SIZE#
: ELSE
    export ENV_BUFFER_MEMORY="&UC4RB_BUFFER_MEMORY#"
    export ENV_BATCH_SIZE="&UC4RB_BATCH_SIZE#"
: ENDIF]]></MSCRI>
</SCRIPT>
<DOCU_Docu state="1" type="text">
<DOC/>
</DOCU_Docu>
</JOBI>
<PRPT name="PCK.AUTOMIC_APACHE_KAFKA.PUB.PROMPTSET.CONNECTION_DETAILS">
<HEADER state="1">
<Title>Connect to Apache Kafka</Title>
<ArchiveKey1/>
<ArchiveKey2/>
<OH_SubType/>
</HEADER>
<PROMPTDESIGNER state="1">
<DESIGNER/>
</PROMPTDESIGNER>
<PROMPTSETXUI state="1">
<XUIEDITOR><![CDATA[<dialog height="506" icon="PRPT" id="PRPTS" left="279" top="4" width="420"><readpanel fill="b" id="PRPTBOX" nl="1" scroll="v" text="Connect to Apache Kafka"><properties><entry name="text">Connect to Apache Kafka</entry><entry name="modifiable">0</entry></properties><text alt="1" enabled="1" fill="b" focus="0" id="UC4RB_KFK_BROKERs.00" inputassistance="0" len="" multiline="0" multilineIcon="0" nl="1" regex="" separator=";" showaspassword="0" text="Broker Address&#9;" tooltip="Provide Broker Server address including port. Multiple brokers can be provided as separated by comma." upper="0" required="0"><oninputassistant><command request="_internal" target="_view" targetaction="setAttribute" targetparam="promptname|@id"/><command request="_internal" target="_view" targetaction="setAttribute" targetparam="promptvalue|@value"/><command owner="_promptsetcontainer" owneraction="getData" request="getpromptinputassistance" target="_chainwindow"/></oninputassistant><properties><entry listparam="C" name="reference" reftype="STATIC">UC_DATATYPE_STRING</entry><entry name="text">Broker Address	</entry><entry name="multiselect">0</entry><entry name="separator">;</entry><entry name="len"/><entry name="quotes"/><entry name="id">UC4RB_KFK_BROKERs.00</entry><entry name="inputassistance">0</entry><entry name="enabled">0</entry><entry name="upper">0</entry><entry name="focus">0</entry><entry name="showaspassword">0</entry><entry name="tooltip">Provide Broker Server address including port. Multiple brokers can be provided as separated by comma.</entry><entry name="customfield"/><entry name="xmlkey"/><entry name="xmlpath"/><entry name="modifiable">1</entry><entry name="multiline">0</entry><entry name="multilineIcon">0</entry><entry name="regex"/><entry name="required">1</entry><entry name="initvalue"/><entry name="onchangereset"/><entry name="resetable">1</entry></properties></text><dynradiogroup enabled="1" fill="b" focus="0" id="UC4RB_KFK_SSLs.00" nl="1" quotes="" text="SSL" tooltip="Specify whether SSL is enabled on the kafka server." alt="1" required="0"><properties><entry listparam="C" name="reference" reftype="STATIC">PCK.ITPA_SHARED.PRV.VARA.YES_NO</entry><entry name="text">SSL</entry><entry name="quotes"/><entry name="id">UC4RB_KFK_SSLs.00</entry><entry name="enabled">0</entry><entry name="focus">0</entry><entry name="tooltip">Specify whether SSL is enabled on the kafka server.</entry><entry name="customfield"/><entry name="modifiable">1</entry><entry name="xmlkey"/><entry name="xmlpath"/><entry name="initvalue"/></properties></dynradiogroup><text alt="1" enabled="1" fill="b" focus="0" id="UC4RB_KFK_SSL_TSTORE_LOCs.00" inputassistance="0" len="" multiline="0" multilineIcon="0" nl="1" regex="" required="0" separator=";" showaspassword="0" text="SSL Truststore Location" tooltip="Provide location of the SSL Truststore. E.g.: /bin/client.trustore.jks" upper="0"><oninputassistant><command request="_internal" target="_view" targetaction="setAttribute" targetparam="promptname|@id"/><command request="_internal" target="_view" targetaction="setAttribute" targetparam="promptvalue|@value"/><command owner="_promptsetcontainer" owneraction="getData" request="getpromptinputassistance" target="_chainwindow"/></oninputassistant><properties><entry listparam="C" name="reference" reftype="STATIC">UC_DATATYPE_STRING</entry><entry name="text">SSL Truststore Location</entry><entry name="multiselect">0</entry><entry name="separator">;</entry><entry name="len"/><entry name="quotes"/><entry name="id">UC4RB_KFK_SSL_TSTORE_LOCs.00</entry><entry name="inputassistance">0</entry><entry name="enabled">0</entry><entry name="upper">0</entry><entry name="focus">0</entry><entry name="showaspassword">0</entry><entry name="tooltip">Provide location of the SSL Truststore. E.g.: /bin/client.trustore.jks</entry><entry name="customfield"/><entry name="xmlkey"/><entry name="xmlpath"/><entry name="modifiable">1</entry><entry name="multiline">0</entry><entry name="multilineIcon">0</entry><entry name="regex"/><entry name="required">0</entry><entry name="initvalue"/><entry name="onchangereset"/><entry name="resetable">1</entry></properties></text><text alt="1" enabled="1" fill="b" focus="0" id="UC4RB_KFK_SSL_TSTORE_PWDs.00" inputassistance="0" len="" multiline="0" multilineIcon="0" nl="1" regex="" required="0" separator=";" showaspassword="1" text="SSL Truststore Password" tooltip="Provide password for given truststore." upper="0"><oninputassistant><command request="_internal" target="_view" targetaction="setAttribute" targetparam="promptname|@id"/><command request="_internal" target="_view" targetaction="setAttribute" targetparam="promptvalue|@value"/><command owner="_promptsetcontainer" owneraction="getData" request="getpromptinputassistance" target="_chainwindow"/></oninputassistant><properties><entry listparam="C" name="reference" reftype="STATIC">UC_DATATYPE_STRING</entry><entry name="text">SSL Truststore Password</entry><entry name="multiselect">0</entry><entry name="separator">;</entry><entry name="len"/><entry name="quotes"/><entry name="id">UC4RB_KFK_SSL_TSTORE_PWDs.00</entry><entry name="inputassistance">0</entry><entry name="enabled">0</entry><entry name="upper">0</entry><entry name="focus">0</entry><entry name="showaspassword">1</entry><entry name="tooltip">Provide password for given truststore.</entry><entry name="customfield"/><entry name="xmlkey"/><entry name="xmlpath"/><entry name="modifiable">1</entry><entry name="multiline">0</entry><entry name="multilineIcon">0</entry><entry name="regex"/><entry name="required">0</entry><entry name="initvalue"/><entry name="onchangereset"/><entry name="resetable">1</entry></properties></text><text alt="1" enabled="1" fill="b" focus="0" id="UC4RB_KFK_SSL_KSTORE_LOCs.00" inputassistance="0" len="" multiline="0" multilineIcon="0" nl="1" regex="" required="0" separator=";" showaspassword="0" text="SSL Keystore Location" tooltip="Provide location of the SSL Keystore. E.g.: /var/private/ss/kafka.client.keystore.jks" upper="0"><oninputassistant><command request="_internal" target="_view" targetaction="setAttribute" targetparam="promptname|@id"/><command request="_internal" target="_view" targetaction="setAttribute" targetparam="promptvalue|@value"/><command owner="_promptsetcontainer" owneraction="getData" request="getpromptinputassistance" target="_chainwindow"/></oninputassistant><properties><entry listparam="C" name="reference" reftype="STATIC">UC_DATATYPE_STRING</entry><entry name="text">SSL Keystore Location</entry><entry name="multiselect">0</entry><entry name="separator">;</entry><entry name="len"/><entry name="quotes"/><entry name="id">UC4RB_KFK_SSL_KSTORE_LOCs.00</entry><entry name="inputassistance">0</entry><entry name="enabled">0</entry><entry name="upper">0</entry><entry name="focus">0</entry><entry name="showaspassword">0</entry><entry name="tooltip">Provide location of the SSL Keystore. E.g.: /var/private/ss/kafka.client.keystore.jks</entry><entry name="customfield"/><entry name="xmlkey"/><entry name="xmlpath"/><entry name="modifiable">1</entry><entry name="multiline">0</entry><entry name="multilineIcon">0</entry><entry name="regex"/><entry name="required">0</entry><entry name="initvalue"/><entry name="onchangereset"/><entry name="resetable">1</entry></properties></text><text alt="1" enabled="1" fill="b" focus="0" id="UC4RB_KFK_SSL_KSTORE_PWDs.00" inputassistance="0" len="" multiline="0" multilineIcon="0" nl="1" regex="" required="0" separator=";" showaspassword="1" text="SSL Keystore Password" tooltip="Provide password for given keystore." upper="0"><oninputassistant><command request="_internal" target="_view" targetaction="setAttribute" targetparam="promptname|@id"/><command request="_internal" target="_view" targetaction="setAttribute" targetparam="promptvalue|@value"/><command owner="_promptsetcontainer" owneraction="getData" request="getpromptinputassistance" target="_chainwindow"/></oninputassistant><properties><entry listparam="C" name="reference" reftype="STATIC">UC_DATATYPE_STRING</entry><entry name="text">SSL Keystore Password</entry><entry name="multiselect">0</entry><entry name="separator">;</entry><entry name="len"/><entry name="quotes"/><entry name="id">UC4RB_KFK_SSL_KSTORE_PWDs.00</entry><entry name="inputassistance">0</entry><entry name="enabled">0</entry><entry name="upper">0</entry><entry name="focus">0</entry><entry name="showaspassword">1</entry><entry name="tooltip">Provide password for given keystore.</entry><entry name="customfield"/><entry name="xmlkey"/><entry name="xmlpath"/><entry name="modifiable">1</entry><entry name="multiline">0</entry><entry name="multilineIcon">0</entry><entry name="regex"/><entry name="required">0</entry><entry name="initvalue"/><entry name="onchangereset"/><entry name="resetable">1</entry></properties></text><text alt="1" enabled="1" fill="b" focus="0" id="UC4RB_KFK_SSL_PWDs.00" inputassistance="0" len="" multiline="0" multilineIcon="0" nl="1" regex="" required="0" separator=";" showaspassword="1" text="SSL Password" tooltip="Provide SSL password." upper="0"><oninputassistant><command request="_internal" target="_view" targetaction="setAttribute" targetparam="promptname|@id"/><command request="_internal" target="_view" targetaction="setAttribute" targetparam="promptvalue|@value"/><command owner="_promptsetcontainer" owneraction="getData" request="getpromptinputassistance" target="_chainwindow"/></oninputassistant><properties><entry listparam="C" name="reference" reftype="STATIC">UC_DATATYPE_STRING</entry><entry name="text">SSL Password</entry><entry name="multiselect">0</entry><entry name="separator">;</entry><entry name="len"/><entry name="quotes"/><entry name="id">UC4RB_KFK_SSL_PWDs.00</entry><entry name="inputassistance">0</entry><entry name="enabled">0</entry><entry name="upper">0</entry><entry name="focus">0</entry><entry name="showaspassword">1</entry><entry name="tooltip">Provide SSL password.</entry><entry name="customfield"/><entry name="xmlkey"/><entry name="xmlpath"/><entry name="modifiable">1</entry><entry name="multiline">0</entry><entry name="multilineIcon">0</entry><entry name="regex"/><entry name="required">0</entry><entry name="initvalue"/><entry name="onchangereset"/><entry name="resetable">1</entry></properties></text></readpanel></dialog>]]></XUIEDITOR>
</PROMPTSETXUI>
<PROMPTSETDATA state="1">
<DATAEDITOR><![CDATA[<PRPTS ontop="1"><PRPTBOX><UC4RB_KFK_BROKERs.00 haslist="0" msgnr="-1" msginsert="" altview="0" promptname="UC4RB_KFK_BROKER#" ReadFromTable="OPSE"></UC4RB_KFK_BROKERs.00><UC4RB_KFK_SSLs.00 haslist="0" msgnr="-1" msginsert="" altview="0" promptname="UC4RB_KFK_SSL#" ReadFromTable="OPSE">YES</UC4RB_KFK_SSLs.00><UC4RB_KFK_SSL_TSTORE_LOCs.00 haslist="0" msgnr="-1" msginsert="" altview="0" promptname="UC4RB_KFK_SSL_TSTORE_LOC#" ReadFromTable="OPSE"></UC4RB_KFK_SSL_TSTORE_LOCs.00><UC4RB_KFK_SSL_TSTORE_PWDs.00 haslist="0" msgnr="-1" msginsert="" altview="0" promptname="UC4RB_KFK_SSL_TSTORE_PWD#" ReadFromTable="OPSE">--10</UC4RB_KFK_SSL_TSTORE_PWDs.00><UC4RB_KFK_SSL_KSTORE_LOCs.00 haslist="0" msgnr="-1" msginsert="" altview="0" promptname="UC4RB_KFK_SSL_KSTORE_LOC#" ReadFromTable="OPSE"></UC4RB_KFK_SSL_KSTORE_LOCs.00><UC4RB_KFK_SSL_KSTORE_PWDs.00 haslist="0" msgnr="-1" msginsert="" altview="0" promptname="UC4RB_KFK_SSL_KSTORE_PWD#" ReadFromTable="OPSE">--10</UC4RB_KFK_SSL_KSTORE_PWDs.00><UC4RB_KFK_SSL_PWDs.00 haslist="0" msgnr="-1" msginsert="" altview="0" promptname="UC4RB_KFK_SSL_PWD#" ReadFromTable="OPSE">--10</UC4RB_KFK_SSL_PWDs.00></PRPTBOX></PRPTS>]]></DATAEDITOR>
</PROMPTSETDATA>
<DOCU_Docu state="1" type="text">
<DOC/>
</DOCU_Docu>
</PRPT>
</uc-export>